model,input,output
gpt-3.5-turbo,74.09613242081808,22.66544644278211
gpt-4,70.53688339116006,17.738723789410166
koala-13b,63.98452012383901,96.58397832817337
oasst-12b,84.4076726342711,28.984143222506393
text-davinci-003,64.50981892374395,16.183881662841113
luminous-supreme,59.95023696682465,7.547788309636651
falcon-40b,61.293899422918386,107.50123660346249
claude-v1.3,48.91831035084657,5.637807645313318
vicuna-13b,60.38953488372093,42.21463178294574
