model,input,output
CapybaraHermes-2.5-Mistral-7B-GGUF-q4,74.94157135753356,24.064893088015914
CapybaraHermes-2.5-Mistral-7B-GGUF-q5,73.67496303597831,25.62173484475111
CapybaraHermes-2.5-Mistral-7B-GGUF-q5-k-s,76.89449906989104,25.866330055806536
Qwen1.5-0.5B-Chat-GGUF-q8,138.29745596868884,42.579256360078276
openchat_3.5-GGUF-q5,62.47879890809827,17.061692447679707
EstopianMaid-13B-GGUF-q2-k,215.59551656920078,63.078947368421055
EstopianMaid-13B-GGUF-q3-k-s,200.42670682730923,82.53012048192771
Meta-Llama-3-70B-Instruct-GGUF-q4,59.999208108964204,18.44409249287298
