model,input,output
c4ai-command-r-plus-GGUF-q8,63.20330722367276,19.22680591818973
Meta-Llama-3-70B-Instruct-GGUF-q8,59.6651376146789,18.552356849098388
Meta-Llama-3-8B-Instruct-GGUF-q8,57.7645416472778,19.34217465487824
Meta-Llama-3-70B-Instruct-GGUF-q4,59.999208108964204,18.44409249287298
Meta-Llama-3-8B-Instruct-GGUF-q4,58.26004360012457,18.897539707256307
c4ai-command-r-plus-GGUF-q4,65.67343950210507,22.11477210323998
