model,input,output
Llama-3-8b-Instruct-Anyscale,57.77912019826518,20.006040892193308
Llama-3-8B-Together.ai,57.92603040275819,18.676696442563863
Llama-3-70b-Instruct-Anyscale,59.7917265612522,17.967896502156204
Llama-3-70B-Together.ai,59.99631292080795,17.970182750881694
Llama-3-70B-groq,59.49731097753875,18.119107877254034
Llama-3-8B-groq,58.83203929646649,18.96926002218349
