{"turn scores": {"0": {"effiencient_move": 1, "turn_graph_similarity": 0.006692850924284732}, "1": {"effiencient_move": 1, "turn_graph_similarity": 0.01798620996209155}, "2": {"effiencient_move": 0, "turn_graph_similarity": 0.07585818002124345}, "3": {"effiencient_move": 0, "turn_graph_similarity": 0.18242552380635635}, "4": {"effiencient_move": 1, "turn_graph_similarity": 0.18242552380635635}, "5": {"effiencient_move": 1, "turn_graph_similarity": 0.18242552380635635}, "6": {"effiencient_move": 1, "turn_graph_similarity": 0.07585818002124345}, "7": {"effiencient_move": 0, "turn_graph_similarity": 0.07585818002124345}, "8": {"turn_graph_similarity": 0.07585818002124345}}, "episode scores": {"Aborted": 0, "Success": 0, "Lose": 1, "graph_similarity": 0.07585818002124345, "moves": 8, "valid_moves": 8, "invalid_moves": 0, "visited": 4, "seen": 5, "effieciency": 62.5, "exploration": 66.66666666666667, "Main Score": 64.51612903225806}}