,metric,value
20086,Middle-Accuracy,0.8
20087,Accuracy,0.8666666666666667
20088,Kappa,0.7333333333333334
20089,Truncated Kappa,0.7333333333333334
20090,Slot-Filling-Accuracy,1.0
20091,Main Score,84.61538461538461
20092,Aborted,0.0
20093,Lose,1.0
20094,Success,0.0
20095,Request Count,35.0
20096,Parsed Request Count,35.0
20097,Violated Request Count,0.0
20098,Request Success Ratio,1.0
34211,Played,1.0
