{"turn scores": {"0": {"effiencient_move": 1, "turn_graph_similarity": 0.09485174635513327}, "1": {"effiencient_move": 1, "turn_graph_similarity": 0.23840584404423537}, "2": {"effiencient_move": 1, "turn_graph_similarity": 0.5378828427399902}, "3": {"effiencient_move": 0, "turn_graph_similarity": 0.5378828427399902}, "4": {"effiencient_move": 0, "turn_graph_similarity": 0.3648510476127127}, "5": {"effiencient_move": 0, "turn_graph_similarity": 0.3648510476127127}, "6": {"turn_graph_similarity": 0.3648510476127127}}, "episode scores": {"Aborted": 0, "Success": 1, "Lose": 0, "graph_similarity": 0.3648510476127127, "moves": 6, "valid_moves": 6, "invalid_moves": 0, "visited": 4, "seen": 4, "effieciency": 50.0, "exploration": 100.0, "Main Score": 66.66666666666667}}