{"turn scores": {"0": {"effiencient_move": 1, "turn_graph_similarity": 0.0018221023888012056}, "1": {"effiencient_move": 0, "turn_graph_similarity": 0.004945246313269314}, "2": {"effiencient_move": 1, "turn_graph_similarity": 0.013385701848569465}, "3": {"effiencient_move": 1, "turn_graph_similarity": 0.0359724199241831}, "4": {"effiencient_move": 0, "turn_graph_similarity": 0.09485174635513327}, "5": {"effiencient_move": 1, "turn_graph_similarity": 0.05862446150271272}, "6": {"effiencient_move": 0, "turn_graph_similarity": 0.05862446150271272}, "7": {"effiencient_move": 0, "turn_graph_similarity": 0.05862446150271272}, "8": {"effiencient_move": 1, "turn_graph_similarity": 0.1517163600424869}, "9": {"effiencient_move": 0, "turn_graph_similarity": 0.3648510476127127}, "10": {"effiencient_move": 1, "turn_graph_similarity": 0.23840584404423537}, "11": {"effiencient_move": 1, "turn_graph_similarity": 0.09485174635513327}, "12": {"effiencient_move": 0, "turn_graph_similarity": 0.0359724199241831}, "13": {"effiencient_move": 0, "turn_graph_similarity": 0.013385701848569465}, "14": {"effiencient_move": 1, "turn_graph_similarity": 0.004945246313269314}, "15": {"turn_graph_similarity": 0.004945246313269314}}, "episode scores": {"Aborted": 0, "Success": 0, "Lose": 1, "graph_similarity": 0.49452463132693136, "moves": 15, "valid_moves": 15, "invalid_moves": 0, "visited": 3, "seen": 4, "efficiency": 53.333333333333336, "exploration": 37.5, "Main Score": 44.03669724770642}}