{"turn scores": {"0": {"effiencient_move": 1, "turn_graph_similarity": 0.0018221023888012056}, "1": {"effiencient_move": 1, "turn_graph_similarity": 0.004945246313269314}, "2": {"effiencient_move": 1, "turn_graph_similarity": 0.013385701848569465}, "3": {"effiencient_move": 1, "turn_graph_similarity": 0.0359724199241831}, "4": {"effiencient_move": 1, "turn_graph_similarity": 0.09485174635513327}, "5": {"effiencient_move": 1, "turn_graph_similarity": 0.23840584404423537}, "6": {"effiencient_move": 1, "turn_graph_similarity": 0.3648510476127127}, "7": {"turn_graph_similarity": 0.3648510476127127}}, "episode scores": {"Aborted": 0, "Success": 0, "Lose": 1, "graph_similarity": 0.3648510476127127, "moves": 7, "valid_moves": 7, "invalid_moves": 0, "visited": 6, "seen": 7, "effieciency": 100.0, "exploration": 75.0, "Main Score": 85.71428571428571}}