,metric,value
18940,Middle-Accuracy,1.0
18941,Accuracy,0.9333333333333333
18942,Kappa,0.8666666666666667
18943,Truncated Kappa,0.8666666666666667
18944,Slot-Filling-Accuracy,1.0
18945,Main Score,92.85714285714286
18946,Aborted,0.0
18947,Lose,1.0
18948,Success,0.0
18949,Request Count,35.0
18950,Parsed Request Count,35.0
18951,Violated Request Count,0.0
18952,Request Success Ratio,1.0
34119,Played,1.0
