{"turn scores": {"0": {"effiencient_move": true, "similarity": 0.18221023888012056}, "1": {"effiencient_move": true, "similarity": 0.49452463132693136}, "2": {"effiencient_move": true, "similarity": 1.3385701848569465}, "3": {"effiencient_move": true, "similarity": 3.5972419924183097}, "4": {"effiencient_move": true, "similarity": 3.5972419924183097}, "5": {"effiencient_move": true, "similarity": 3.5972419924183097}, "6": {"effiencient_move": false, "similarity": 9.485174635513328}, "7": {"effiencient_move": false, "similarity": 9.485174635513328}, "8": {"effiencient_move": true, "similarity": 9.485174635513328}, "9": {"effiencient_move": false, "similarity": 9.485174635513328}, "10": {"effiencient_move": true, "similarity": 9.485174635513328}, "11": {"effiencient_move": false, "similarity": 9.485174635513328}, "12": {"effiencient_move": false, "similarity": 9.485174635513328}, "13": {"effiencient_move": false, "similarity": 9.485174635513328}}, "episode scores": {"Success": 0, "Aborted": 0, "Lose": 1, "moves": 14, "valid_moves": 14, "invalid_moves": 0, "stopped": 1, "turns_limit": 0, "loops": 2, "number_visited": 5, "seen": 6, "efficiency": 57.14285714285714, "exploration": 62.5, "graph_similarity": 9.485174635513328, "Main Score": 59.70149253731343}}