,metric,value
18927,Middle-Accuracy,1.0
18928,Accuracy,0.9666666666666667
18929,Kappa,0.9333333333333333
18930,Truncated Kappa,0.9333333333333333
18931,Slot-Filling-Accuracy,1.0
18932,Main Score,96.55172413793103
18933,Aborted,0.0
18934,Lose,1.0
18935,Success,0.0
18936,Request Count,35.0
18937,Parsed Request Count,35.0
18938,Violated Request Count,0.0
18939,Request Success Ratio,1.0
34118,Played,1.0
