,metric,value
20294,Middle-Accuracy,1.0
20295,Accuracy,0.9666666666666667
20296,Kappa,0.9315068493150684
20297,Truncated Kappa,0.9315068493150684
20298,Slot-Filling-Accuracy,0.8
20299,Main Score,86.07594936708861
20300,Aborted,0.0
20301,Lose,1.0
20302,Success,0.0
20303,Request Count,35.0
20304,Parsed Request Count,35.0
20305,Violated Request Count,0.0
20306,Request Success Ratio,1.0
34227,Played,1.0
