{"turn scores": {"0": {"effiencient_move": 1, "turn_graph_similarity": 0.09485174635513327}, "1": {"effiencient_move": 1, "turn_graph_similarity": 0.23840584404423537}, "2": {"effiencient_move": 1, "turn_graph_similarity": 0.5378828427399902}, "3": {"effiencient_move": 1, "turn_graph_similarity": 0.5378828427399902}, "4": {"effiencient_move": 1, "turn_graph_similarity": 1.0}, "5": {"effiencient_move": 0, "turn_graph_similarity": 0.5378828427399902}, "6": {"turn_graph_similarity": 0.5378828427399902}}, "episode scores": {"Aborted": 0, "Success": 1, "Lose": 0, "graph_similarity": 0.5378828427399902, "moves": 6, "valid_moves": 6, "invalid_moves": 0, "visited": 4, "seen": 4, "effieciency": 83.33333333333333, "exploration": 100.0, "Main Score": 90.9090909090909}}