{"turn scores": {"0": {"effiencient_move": 1, "turn_graph_similarity": 0.0009110511944006028}, "1": {"effiencient_move": 1, "turn_graph_similarity": 0.002472623156634657}, "2": {"effiencient_move": 1, "turn_graph_similarity": 0.006692850924284732}, "3": {"effiencient_move": 1, "turn_graph_similarity": 0.006692850924284732}, "4": {"effiencient_move": 1, "turn_graph_similarity": 0.01798620996209155}, "5": {"effiencient_move": 1, "turn_graph_similarity": 0.047425873177566635}, "6": {"effiencient_move": 1, "turn_graph_similarity": 0.11920292202211769}, "7": {"effiencient_move": 0, "turn_graph_similarity": 0.11920292202211769}, "8": {"turn_graph_similarity": 0.11920292202211769}}, "episode scores": {"Aborted": 0, "Success": 0, "Lose": 1, "graph_similarity": 0.11920292202211769, "moves": 8, "valid_moves": 8, "invalid_moves": 0, "visited": 7, "seen": 8, "effieciency": 87.5, "exploration": 87.5, "Main Score": 87.5}}