{"turn scores": {"0": {"effiencient_move": 1, "turn_graph_similarity": 0.0018221023888012056}, "1": {"effiencient_move": 1, "turn_graph_similarity": 0.004945246313269314}, "2": {"effiencient_move": 1, "turn_graph_similarity": 0.008140275431792077}, "3": {"effiencient_move": 1, "turn_graph_similarity": 0.021973885261186377}, "4": {"effiencient_move": 1, "turn_graph_similarity": 0.05862446150271272}, "5": {"effiencient_move": 1, "turn_graph_similarity": 0.1517163600424869}, "6": {"effiencient_move": 1, "turn_graph_similarity": 0.3648510476127127}, "7": {"effiencient_move": 0, "turn_graph_similarity": 0.3648510476127127}, "8": {"effiencient_move": 0, "turn_graph_similarity": 0.3648510476127127}, "9": {"turn_graph_similarity": 0.3648510476127127}}, "episode scores": {"Aborted": 0, "Success": 1, "Lose": 0, "graph_similarity": 0.3648510476127127, "moves": 9, "valid_moves": 9, "invalid_moves": 0, "visited": 8, "seen": 8, "effieciency": 77.77777777777777, "exploration": 100.0, "Main Score": 87.5}}