,metric,value
21164,Middle-Accuracy,0.8666666666666667
21165,Accuracy,0.8125
21166,Kappa,0.625
21167,Truncated Kappa,0.625
21168,Slot-Filling-Accuracy,1.0
21169,Main Score,76.92307692307693
21170,Aborted,0.0
21171,Lose,1.0
21172,Success,0.0
21173,Request Count,263.0
21174,Parsed Request Count,255.0
21175,Violated Request Count,8.0
21176,Request Success Ratio,0.9695817490494296
34297,Played,1.0
