,metric,value
20437,Middle-Accuracy,1.0
20438,Accuracy,0.990909090909091
20439,Kappa,0.9818181818181818
20440,Truncated Kappa,0.9818181818181818
20441,Slot-Filling-Accuracy,1.0
20442,Main Score,99.08256880733944
20443,Aborted,0.0
20444,Lose,1.0
20445,Success,0.0
20446,Request Count,120.0
20447,Parsed Request Count,120.0
20448,Violated Request Count,0.0
20449,Request Success Ratio,1.0
34238,Played,1.0
