{"turn scores": {"0": {"effiencient_move": 1, "turn_graph_similarity": 0.0018221023888012056}, "1": {"effiencient_move": 1, "turn_graph_similarity": 0.004945246313269314}, "2": {"effiencient_move": 1, "turn_graph_similarity": 0.013385701848569465}, "3": {"effiencient_move": 1, "turn_graph_similarity": 0.0359724199241831}, "4": {"effiencient_move": 1, "turn_graph_similarity": 0.09485174635513327}, "5": {"effiencient_move": 1, "turn_graph_similarity": 0.23840584404423537}, "6": {"effiencient_move": 1, "turn_graph_similarity": 0.1517163600424869}, "7": {"effiencient_move": 0, "turn_graph_similarity": 0.1517163600424869}, "8": {"effiencient_move": 0, "turn_graph_similarity": 0.09485174635513327}, "9": {"effiencient_move": 0, "turn_graph_similarity": 0.09485174635513327}, "10": {"effiencient_move": 0, "turn_graph_similarity": 0.05862446150271272}, "11": {"turn_graph_similarity": 0.05862446150271272}}, "episode scores": {"Aborted": 0, "Success": 1, "Lose": 0, "graph_similarity": 0.05862446150271272, "moves": 11, "valid_moves": 11, "invalid_moves": 0, "visited": 8, "seen": 8, "effieciency": 63.63636363636363, "exploration": 100.0, "Main Score": 77.77777777777777}}