,metric,value
18706,Middle-Accuracy,1.0
18707,Accuracy,0.9333333333333333
18708,Kappa,0.8666666666666667
18709,Truncated Kappa,0.8666666666666667
18710,Slot-Filling-Accuracy,1.0
18711,Main Score,92.85714285714286
18712,Aborted,0.0
18713,Lose,1.0
18714,Success,0.0
18715,Request Count,35.0
18716,Parsed Request Count,35.0
18717,Violated Request Count,0.0
18718,Request Success Ratio,1.0
34101,Played,1.0
