{"turn scores": {"0": {"effiencient_move": true, "similarity": 0.6692850924284732}, "1": {"effiencient_move": true, "similarity": 1.7986209962091548}, "2": {"effiencient_move": true, "similarity": 4.742587317756664}, "3": {"effiencient_move": false, "similarity": 11.920292202211769}, "4": {"effiencient_move": false, "similarity": 11.920292202211769}, "5": {"effiencient_move": false, "similarity": 11.920292202211769}, "6": {"effiencient_move": false, "similarity": 11.920292202211769}}, "episode scores": {"Success": 0, "Aborted": 0, "Lose": 1, "moves": 7, "valid_moves": 7, "invalid_moves": 0, "stopped": 1, "turns_limit": 0, "loops": 0, "number_visited": 4, "seen": 5, "efficiency": 42.857142857142854, "exploration": 66.66666666666666, "graph_similarity": 11.920292202211769, "Main Score": 52.17391304347825}}