{"turn scores": {"0": {"effiencient_move": 1, "turn_graph_similarity": 0.0018221023888012056}, "1": {"effiencient_move": 0, "turn_graph_similarity": 0.0018221023888012056}, "2": {"effiencient_move": 1, "turn_graph_similarity": 0.0018221023888012056}, "3": {"effiencient_move": 1, "turn_graph_similarity": 0.0018221023888012056}, "4": {"effiencient_move": 1, "turn_graph_similarity": 0.0018221023888012056}, "5": {"turn_graph_similarity": 0.0018221023888012056}}, "episode scores": {"Aborted": 0, "Success": 0, "Lose": 1, "graph_similarity": 0.0018221023888012056, "moves": 5, "valid_moves": 5, "invalid_moves": 0, "visited": 5, "seen": 6, "effieciency": 80.0, "exploration": 62.5, "Main Score": 70.17543859649123}}