,metric,value
19917,Middle-Accuracy,0.5333333333333333
19918,Accuracy,0.7833333333333333
19919,Kappa,0.5666666666666667
19920,Truncated Kappa,0.5666666666666667
19921,Slot-Filling-Accuracy,1.0
19922,Main Score,72.34042553191489
19923,Aborted,0.0
19924,Lose,1.0
19925,Success,0.0
19926,Request Count,255.0
19927,Parsed Request Count,255.0
19928,Violated Request Count,0.0
19929,Request Success Ratio,1.0
34198,Played,1.0
