,metric,value
19122,Middle-Accuracy,1.0
19123,Accuracy,0.990909090909091
19124,Kappa,0.9818181818181818
19125,Truncated Kappa,0.9818181818181818
19126,Slot-Filling-Accuracy,1.0
19127,Main Score,99.08256880733944
19128,Aborted,0.0
19129,Lose,1.0
19130,Success,0.0
19131,Request Count,120.0
19132,Parsed Request Count,120.0
19133,Violated Request Count,0.0
19134,Request Success Ratio,1.0
34133,Played,1.0
