{"turn scores": {"0": {"effiencient_move": true, "similarity": 4.742587317756664}, "1": {"effiencient_move": false, "similarity": 11.920292202211769}, "2": {"effiencient_move": true, "similarity": 11.920292202211769}, "3": {"effiencient_move": true, "similarity": 11.920292202211769}, "4": {"effiencient_move": false, "similarity": 26.89414213699951}, "5": {"effiencient_move": false, "similarity": 26.89414213699951}, "6": {"effiencient_move": false, "similarity": 26.89414213699951}}, "episode scores": {"Success": 0, "Aborted": 0, "Lose": 1, "moves": 7, "valid_moves": 7, "invalid_moves": 0, "stopped": 1, "turns_limit": 0, "loops": 0, "number_visited": 3, "seen": 4, "efficiency": 42.857142857142854, "exploration": 75.0, "graph_similarity": 26.89414213699951, "Main Score": 54.54545454545454}}