,metric,value
20424,Middle-Accuracy,1.0
20425,Accuracy,0.9818181818181818
20426,Kappa,0.9636363636363636
20427,Truncated Kappa,0.9636363636363636
20428,Slot-Filling-Accuracy,1.0
20429,Main Score,98.14814814814815
20430,Aborted,0.0
20431,Lose,1.0
20432,Success,0.0
20433,Request Count,120.0
20434,Parsed Request Count,120.0
20435,Violated Request Count,0.0
20436,Request Success Ratio,1.0
34237,Played,1.0
