{"turn scores": {"0": {"effiencient_move": 1, "turn_graph_similarity": 0.0018221023888012056}, "1": {"effiencient_move": 1, "turn_graph_similarity": 0.004945246313269314}, "2": {"effiencient_move": 1, "turn_graph_similarity": 0.013385701848569465}, "3": {"effiencient_move": 1, "turn_graph_similarity": 0.0359724199241831}, "4": {"effiencient_move": 0, "turn_graph_similarity": 0.09485174635513327}, "5": {"effiencient_move": 0, "turn_graph_similarity": 0.1517163600424869}, "6": {"effiencient_move": 1, "turn_graph_similarity": 0.3648510476127127}, "7": {"effiencient_move": 0, "turn_graph_similarity": 0.23840584404423537}, "8": {"turn_graph_similarity": 0.1517163600424869}}, "episode scores": {"Aborted": 0, "Success": 0, "Lose": 1, "graph_similarity": 0.1517163600424869, "moves": 8, "valid_moves": 8, "invalid_moves": 0, "visited": 5, "seen": 7, "effieciency": 62.5, "exploration": 62.5, "Main Score": 62.5}}