{"turn scores": {"0": {"effiencient_move": 1, "turn_graph_similarity": 0.0009110511944006028}, "1": {"effiencient_move": 1, "turn_graph_similarity": 0.002472623156634657}, "2": {"effiencient_move": 1, "turn_graph_similarity": 0.006692850924284732}, "3": {"effiencient_move": 1, "turn_graph_similarity": 0.01798620996209155}, "4": {"effiencient_move": 0, "turn_graph_similarity": 0.047425873177566635}, "5": {"effiencient_move": 0, "turn_graph_similarity": 0.07585818002124345}, "6": {"effiencient_move": 1, "turn_graph_similarity": 0.18242552380635635}, "7": {"effiencient_move": 0, "turn_graph_similarity": 0.11920292202211769}, "8": {"turn_graph_similarity": 0.07585818002124345}}, "episode scores": {"Aborted": 0, "Success": 0, "Lose": 1, "graph_similarity": 0.07585818002124345, "moves": 8, "valid_moves": 8, "invalid_moves": 0, "visited": 5, "seen": 7, "effieciency": 62.5, "exploration": 62.5, "Main Score": 62.5}}