{"turn scores": {"0": {"effiencient_move": 1, "turn_graph_similarity": 0.0018221023888012056}, "1": {"effiencient_move": 1, "turn_graph_similarity": 0.004945246313269314}, "2": {"effiencient_move": 1, "turn_graph_similarity": 0.013385701848569465}, "3": {"effiencient_move": 1, "turn_graph_similarity": 0.0359724199241831}, "4": {"effiencient_move": 1, "turn_graph_similarity": 0.09485174635513327}, "5": {"effiencient_move": 1, "turn_graph_similarity": 0.23840584404423537}, "6": {"effiencient_move": 1, "turn_graph_similarity": 0.5378828427399902}, "7": {"effiencient_move": 0, "turn_graph_similarity": 0.5378828427399902}, "8": {"effiencient_move": 0, "turn_graph_similarity": 0.23840584404423537}, "9": {"turn_graph_similarity": 0.09485174635513327}}, "episode scores": {"Aborted": 0, "Success": 0, "Lose": 1, "graph_similarity": 0.09485174635513327, "moves": 9, "valid_moves": 9, "invalid_moves": 0, "visited": 6, "seen": 7, "effieciency": 77.77777777777777, "exploration": 75.0, "Main Score": 76.36363636363636}}