,metric,value
21462,Middle-Accuracy,0.8
21463,Accuracy,0.7333333333333333
21464,Kappa,0.4666666666666667
21465,Truncated Kappa,0.4666666666666667
21466,Slot-Filling-Accuracy,1.0
21467,Main Score,63.63636363636363
21468,Aborted,0.0
21469,Lose,1.0
21470,Success,0.0
21471,Request Count,40.0
21472,Parsed Request Count,35.0
21473,Violated Request Count,5.0
21474,Request Success Ratio,0.875
34320,Played,1.0
