turn,Accuracy,Parsed Request Count,Request Count,Slot Filled?,Violated Request Count
0,0.0,15.0,39.0,,24.0
1,0.13333333333333333,16.0,16.0,1.0,0.0
2,0.4,16.0,16.0,0.0,0.0
3,0.6,16.0,16.0,1.0,0.0
4,0.6666666666666666,16.0,16.0,1.0,0.0
5,0.8666666666666667,16.0,16.0,1.0,0.0
