{"turn scores": {"0": {"effiencient_move": 1, "turn_graph_similarity": 0.047425873177566635}, "1": {"effiencient_move": 1, "turn_graph_similarity": 0.11920292202211769}, "2": {"effiencient_move": 1, "turn_graph_similarity": 0.2689414213699951}, "3": {"effiencient_move": 1, "turn_graph_similarity": 0.2689414213699951}, "4": {"turn_graph_similarity": 0.2689414213699951}}, "episode scores": {"Aborted": 0, "Success": 0, "Lose": 1, "graph_similarity": 0.2689414213699951, "moves": 4, "valid_moves": 4, "invalid_moves": 0, "visited": 3, "seen": 4, "effieciency": 100.0, "exploration": 75.0, "Main Score": 85.71428571428571}}