{"turn scores": {"0": {"effiencient_move": 1, "turn_graph_similarity": 0.013385701848569465}, "1": {"effiencient_move": 1, "turn_graph_similarity": 0.0359724199241831}, "2": {"effiencient_move": 1, "turn_graph_similarity": 0.09485174635513327}, "3": {"effiencient_move": 1, "turn_graph_similarity": 0.23840584404423537}, "4": {"effiencient_move": 1, "turn_graph_similarity": 0.5378828427399902}, "5": {"effiencient_move": 1, "turn_graph_similarity": 0.5378828427399902}, "6": {"effiencient_move": 0, "turn_graph_similarity": 0.7550813375962908}, "7": {"effiencient_move": 0, "turn_graph_similarity": 0.7550813375962908}, "8": {"effiencient_move": 1, "turn_graph_similarity": 0.7550813375962908}, "9": {"effiencient_move": 1, "turn_graph_similarity": 0.7550813375962908}, "10": {"turn_graph_similarity": 0.7550813375962908}}, "episode scores": {"Aborted": 0, "Success": 0, "Lose": 1, "graph_similarity": 0.7550813375962908, "moves": 10, "valid_moves": 10, "invalid_moves": 0, "visited": 5, "seen": 6, "effieciency": 80.0, "exploration": 83.33333333333333, "Main Score": 81.63265306122449}}