{"turn scores": {"0": {"effiencient_move": true, "similarity": 1.3385701848569465}, "1": {"effiencient_move": true, "similarity": 3.5972419924183097}, "2": {"effiencient_move": true, "similarity": 9.485174635513328}, "3": {"effiencient_move": true, "similarity": 9.485174635513328}, "4": {"effiencient_move": true, "similarity": 9.485174635513328}, "5": {"effiencient_move": true, "similarity": 23.840584404423538}, "6": {"effiencient_move": true, "similarity": 23.840584404423538}, "7": {"effiencient_move": true, "similarity": 53.78828427399902}, "8": {"effiencient_move": false, "similarity": 53.78828427399902}}, "episode scores": {"Success": 1, "Aborted": 0, "Lose": 0, "moves": 9, "valid_moves": 9, "invalid_moves": 0, "stopped": 1, "turns_limit": 0, "loops": 0, "number_visited": 6, "seen": 6, "efficiency": 88.88888888888889, "exploration": 100.0, "graph_similarity": 53.78828427399902, "Main Score": 94.11764705882352}}