turn,Accuracy,Parsed Request Count,Request Count,Slot Filled?,Violated Request Count
0,0.0,15.0,41.0,,26.0
1,0.06666666666666667,16.0,16.0,1.0,0.0
2,0.26666666666666666,16.0,16.0,1.0,0.0
3,0.5333333333333333,16.0,16.0,1.0,0.0
4,0.8,16.0,16.0,1.0,0.0
5,0.8,16.0,16.0,1.0,0.0
6,0.8,16.0,18.0,1.0,2.0
