{"turn scores": {"0": {"effiencient_move": 1, "turn_graph_similarity": 0.013385701848569465}, "1": {"effiencient_move": 1, "turn_graph_similarity": 0.0359724199241831}, "2": {"effiencient_move": 0, "turn_graph_similarity": 0.05862446150271272}, "3": {"effiencient_move": 0, "turn_graph_similarity": 0.05862446150271272}, "4": {"effiencient_move": 0, "turn_graph_similarity": 0.05862446150271272}, "5": {"effiencient_move": 0, "turn_graph_similarity": 0.05862446150271272}, "6": {"effiencient_move": 0, "turn_graph_similarity": 0.05862446150271272}, "7": {"turn_graph_similarity": 0.05862446150271272}}, "episode scores": {"Aborted": 0, "Success": 0, "Lose": 1, "graph_similarity": 0.05862446150271272, "moves": 7, "valid_moves": 7, "invalid_moves": 0, "visited": 3, "seen": 5, "effieciency": 28.571428571428573, "exploration": 50.0, "Main Score": 36.36363636363637}}