,metric,value
18732,Middle-Accuracy,1.0
18733,Accuracy,0.9666666666666667
18734,Kappa,0.9333333333333333
18735,Truncated Kappa,0.9333333333333333
18736,Slot-Filling-Accuracy,1.0
18737,Main Score,96.55172413793103
18738,Aborted,0.0
18739,Lose,1.0
18740,Success,0.0
18741,Request Count,35.0
18742,Parsed Request Count,35.0
18743,Violated Request Count,0.0
18744,Request Success Ratio,1.0
34103,Played,1.0
