{"turn scores": {"0": {"effiencient_move": 1, "turn_graph_similarity": 0.0018221023888012056}, "1": {"effiencient_move": 0, "turn_graph_similarity": 0.004945246313269314}, "2": {"effiencient_move": 1, "turn_graph_similarity": 0.013385701848569465}, "3": {"effiencient_move": 1, "turn_graph_similarity": 0.021973885261186377}, "4": {"effiencient_move": 1, "turn_graph_similarity": 0.021973885261186377}, "5": {"effiencient_move": 0, "turn_graph_similarity": 0.021973885261186377}, "6": {"effiencient_move": 1, "turn_graph_similarity": 0.021973885261186377}, "7": {"turn_graph_similarity": 0.021973885261186377}}, "episode scores": {"Aborted": 0, "Success": 0, "Lose": 1, "graph_similarity": 0.021973885261186377, "moves": 7, "valid_moves": 7, "invalid_moves": 0, "visited": 3, "seen": 4, "effieciency": 71.42857142857143, "exploration": 37.5, "Main Score": 49.18032786885246}}