,metric,value
19200,Middle-Accuracy,1.0
19201,Accuracy,0.990909090909091
19202,Kappa,0.9818181818181818
19203,Truncated Kappa,0.9818181818181818
19204,Slot-Filling-Accuracy,1.0
19205,Main Score,99.08256880733944
19206,Aborted,0.0
19207,Lose,1.0
19208,Success,0.0
19209,Request Count,120.0
19210,Parsed Request Count,120.0
19211,Violated Request Count,0.0
19212,Request Success Ratio,1.0
34139,Played,1.0
