,metric,value
20803,Middle-Accuracy,0.6
20804,Accuracy,0.7
20805,Kappa,0.4255319148936171
20806,Truncated Kappa,0.4255319148936171
20807,Slot-Filling-Accuracy,0.8
20808,Main Score,55.55555555555557
20809,Aborted,0.0
20810,Lose,1.0
20811,Success,0.0
20812,Request Count,39.0
20813,Parsed Request Count,35.0
20814,Violated Request Count,4.0
20815,Request Success Ratio,0.8974358974358975
34268,Played,1.0
