{"turn scores": {"0": {"effiencient_move": 1, "turn_graph_similarity": 0.006692850924284732}, "1": {"effiencient_move": 1, "turn_graph_similarity": 0.01798620996209155}, "2": {"effiencient_move": 1, "turn_graph_similarity": 0.047425873177566635}, "3": {"effiencient_move": 1, "turn_graph_similarity": 0.004070137715896038}, "4": {"effiencient_move": 0, "turn_graph_similarity": 0.004070137715896038}, "5": {"turn_graph_similarity": 0.004070137715896038}}, "episode scores": {"Aborted": 0, "Success": 0, "Lose": 1, "graph_similarity": 0.004070137715896038, "moves": 5, "valid_moves": 5, "invalid_moves": 0, "visited": 3, "seen": 5, "effieciency": 80.0, "exploration": 50.0, "Main Score": 61.53846153846154}}