{"turn scores": {"0": {"effiencient_move": 1, "turn_graph_similarity": 0.047425873177566635}, "1": {"effiencient_move": 1, "turn_graph_similarity": 0.11920292202211769}, "2": {"effiencient_move": 1, "turn_graph_similarity": 0.2689414213699951}, "3": {"effiencient_move": 0, "turn_graph_similarity": 0.5}, "4": {"effiencient_move": 0, "turn_graph_similarity": 0.02931223075135636}, "5": {"effiencient_move": 0, "turn_graph_similarity": 0.02931223075135636}, "6": {"effiencient_move": 0, "turn_graph_similarity": 0.02931223075135636}, "7": {"effiencient_move": 0, "turn_graph_similarity": 0.02931223075135636}, "8": {"turn_graph_similarity": 0.006692850924284732}}, "episode scores": {"Aborted": 0, "Success": 1, "Lose": 0, "graph_similarity": 0.006692850924284732, "moves": 8, "valid_moves": 8, "invalid_moves": 0, "visited": 4, "seen": 4, "effieciency": 37.5, "exploration": 100.0, "Main Score": 54.54545454545455}}