,metric,value
19982,Middle-Accuracy,1.0
19983,Accuracy,0.9666666666666667
19984,Kappa,0.9333333333333333
19985,Truncated Kappa,0.9333333333333333
19986,Slot-Filling-Accuracy,1.0
19987,Main Score,96.55172413793103
19988,Aborted,0.0
19989,Lose,1.0
19990,Success,0.0
19991,Request Count,35.0
19992,Parsed Request Count,35.0
19993,Violated Request Count,0.0
19994,Request Success Ratio,1.0
34203,Played,1.0
