,metric,value
18771,Middle-Accuracy,1.0
18772,Accuracy,0.8666666666666667
18773,Kappa,0.7333333333333334
18774,Truncated Kappa,0.7333333333333334
18775,Slot-Filling-Accuracy,0.8
18776,Main Score,76.5217391304348
18777,Aborted,0.0
18778,Lose,1.0
18779,Success,0.0
18780,Request Count,35.0
18781,Parsed Request Count,35.0
18782,Violated Request Count,0.0
18783,Request Success Ratio,1.0
34106,Played,1.0
