{"turn scores": {"0": {"effiencient_move": 1, "turn_graph_similarity": 0.0009110511944006028}, "1": {"effiencient_move": 1, "turn_graph_similarity": 0.002472623156634657}, "2": {"effiencient_move": 1, "turn_graph_similarity": 0.002472623156634657}, "3": {"effiencient_move": 1, "turn_graph_similarity": 0.006692850924284732}, "4": {"effiencient_move": 1, "turn_graph_similarity": 0.01798620996209155}, "5": {"effiencient_move": 1, "turn_graph_similarity": 0.047425873177566635}, "6": {"effiencient_move": 0, "turn_graph_similarity": 0.07585818002124345}, "7": {"turn_graph_similarity": 0.11920292202211769}}, "episode scores": {"Aborted": 0, "Success": 0, "Lose": 1, "graph_similarity": 0.11920292202211769, "moves": 7, "valid_moves": 7, "invalid_moves": 0, "visited": 6, "seen": 7, "effieciency": 85.71428571428571, "exploration": 75.0, "Main Score": 80.0}}