{"turn scores": {"0": {"effiencient_move": true, "similarity": 1.3385701848569465}, "1": {"effiencient_move": true, "similarity": 3.5972419924183097}, "2": {"effiencient_move": true, "similarity": 9.485174635513328}, "3": {"effiencient_move": true, "similarity": 23.840584404423538}, "4": {"effiencient_move": false, "similarity": 23.840584404423538}, "5": {"effiencient_move": false, "similarity": 23.840584404423538}, "6": {"effiencient_move": false, "similarity": 23.840584404423538}}, "episode scores": {"Success": 0, "Aborted": 0, "Lose": 1, "moves": 7, "valid_moves": 7, "invalid_moves": 0, "stopped": 1, "turns_limit": 0, "loops": 0, "number_visited": 4, "seen": 5, "efficiency": 57.14285714285714, "exploration": 66.66666666666666, "graph_similarity": 23.840584404423538, "Main Score": 61.53846153846153}}