,metric,value
20411,Middle-Accuracy,1.0
20412,Accuracy,0.990909090909091
20413,Kappa,0.9818181818181818
20414,Truncated Kappa,0.9818181818181818
20415,Slot-Filling-Accuracy,1.0
20416,Main Score,99.08256880733944
20417,Aborted,0.0
20418,Lose,1.0
20419,Success,0.0
20420,Request Count,120.0
20421,Parsed Request Count,120.0
20422,Violated Request Count,0.0
20423,Request Success Ratio,1.0
34236,Played,1.0
