{"turn scores": {"0": {"effiencient_move": 1, "turn_graph_similarity": 0.0018221023888012056}, "1": {"effiencient_move": 1, "turn_graph_similarity": 0.004945246313269314}, "2": {"effiencient_move": 1, "turn_graph_similarity": 0.013385701848569465}, "3": {"effiencient_move": 1, "turn_graph_similarity": 0.0359724199241831}, "4": {"effiencient_move": 1, "turn_graph_similarity": 0.0359724199241831}, "5": {"effiencient_move": 0, "turn_graph_similarity": 0.0359724199241831}, "6": {"effiencient_move": 0, "turn_graph_similarity": 0.0359724199241831}, "7": {"effiencient_move": 1, "turn_graph_similarity": 0.0359724199241831}, "8": {"effiencient_move": 1, "turn_graph_similarity": 0.0359724199241831}, "9": {"effiencient_move": 1, "turn_graph_similarity": 0.0359724199241831}, "10": {"turn_graph_similarity": 0.0359724199241831}}, "episode scores": {"Aborted": 0, "Success": 0, "Lose": 1, "graph_similarity": 0.0359724199241831, "moves": 10, "valid_moves": 10, "invalid_moves": 0, "visited": 4, "seen": 5, "effieciency": 80.0, "exploration": 50.0, "Main Score": 61.53846153846154}}