{"turn scores": {"0": {"effiencient_move": 1, "turn_graph_similarity": 0.0009110511944006028}, "1": {"effiencient_move": 1, "turn_graph_similarity": 0.002472623156634657}, "2": {"effiencient_move": 1, "turn_graph_similarity": 0.006692850924284732}, "3": {"effiencient_move": 1, "turn_graph_similarity": 0.01798620996209155}, "4": {"effiencient_move": 1, "turn_graph_similarity": 0.01798620996209155}, "5": {"effiencient_move": 0, "turn_graph_similarity": 0.01798620996209155}, "6": {"effiencient_move": 0, "turn_graph_similarity": 0.01798620996209155}, "7": {"effiencient_move": 1, "turn_graph_similarity": 0.01798620996209155}, "8": {"effiencient_move": 1, "turn_graph_similarity": 0.01798620996209155}, "9": {"effiencient_move": 1, "turn_graph_similarity": 0.01798620996209155}, "10": {"turn_graph_similarity": 0.01798620996209155}}, "episode scores": {"Aborted": 0, "Success": 0, "Lose": 1, "graph_similarity": 0.01798620996209155, "moves": 10, "valid_moves": 10, "invalid_moves": 0, "visited": 4, "seen": 5, "effieciency": 80.0, "exploration": 50.0, "Main Score": 61.53846153846154}}