,metric,value
21138,Middle-Accuracy,0.8666666666666667
21139,Accuracy,0.8333333333333334
21140,Kappa,0.6666666666666667
21141,Truncated Kappa,0.6666666666666667
21142,Slot-Filling-Accuracy,1.0
21143,Main Score,80.0
21144,Aborted,0.0
21145,Lose,1.0
21146,Success,0.0
21147,Request Count,263.0
21148,Parsed Request Count,255.0
21149,Violated Request Count,8.0
21150,Request Success Ratio,0.9695817490494296
34295,Played,1.0
