,metric,value
20099,Middle-Accuracy,1.0
20100,Accuracy,0.9333333333333333
20101,Kappa,0.8666666666666667
20102,Truncated Kappa,0.8666666666666667
20103,Slot-Filling-Accuracy,1.0
20104,Main Score,92.85714285714286
20105,Aborted,0.0
20106,Lose,1.0
20107,Success,0.0
20108,Request Count,35.0
20109,Parsed Request Count,35.0
20110,Violated Request Count,0.0
20111,Request Success Ratio,1.0
34212,Played,1.0
