,metric,value
19839,Middle-Accuracy,0.9333333333333333
19840,Accuracy,0.9541666666666667
19841,Kappa,0.9083333333333333
19842,Truncated Kappa,0.9083333333333333
19843,Slot-Filling-Accuracy,1.0
19844,Main Score,95.19650655021834
19845,Aborted,0.0
19846,Lose,1.0
19847,Success,0.0
19848,Request Count,255.0
19849,Parsed Request Count,255.0
19850,Violated Request Count,0.0
19851,Request Success Ratio,1.0
34192,Played,1.0
