,metric,value
19969,Middle-Accuracy,1.0
19970,Accuracy,0.9666666666666667
19971,Kappa,0.9333333333333333
19972,Truncated Kappa,0.9333333333333333
19973,Slot-Filling-Accuracy,1.0
19974,Main Score,96.55172413793103
19975,Aborted,0.0
19976,Lose,1.0
19977,Success,0.0
19978,Request Count,35.0
19979,Parsed Request Count,35.0
19980,Violated Request Count,0.0
19981,Request Success Ratio,1.0
34202,Played,1.0
