{"turn scores": {"0": {"effiencient_move": true, "similarity": 0.18221023888012056}, "1": {"effiencient_move": true, "similarity": 0.49452463132693136}, "2": {"effiencient_move": true, "similarity": 0.49452463132693136}, "3": {"effiencient_move": true, "similarity": 0.8140275431792077}, "4": {"effiencient_move": false, "similarity": 2.1973885261186377}, "5": {"effiencient_move": false, "similarity": 2.1973885261186377}, "6": {"effiencient_move": false, "similarity": 2.1973885261186377}}, "episode scores": {"Success": 0, "Aborted": 0, "Lose": 1, "moves": 7, "valid_moves": 7, "invalid_moves": 0, "stopped": 1, "turns_limit": 0, "loops": 0, "number_visited": 4, "seen": 6, "efficiency": 57.14285714285714, "exploration": 50.0, "graph_similarity": 2.1973885261186377, "Main Score": 53.33333333333333}}