{"turn scores": {}, "episode scores": {"Aborted": 0, "Success": 0, "Lose": 1, "moves": 7, "valid_moves": 7, "invalid_moves": 0, "visited": 4, "seen": 5, "effieciency": 57.142857142857146, "exploration": 66.66666666666667, "Main Score": 61.53846153846154}}