{"turn scores": {"0": {"effiencient_move": true, "similarity": 0.09110511944006028}, "1": {"effiencient_move": true, "similarity": 0.24726231566346568}, "2": {"effiencient_move": true, "similarity": 0.6692850924284732}, "3": {"effiencient_move": true, "similarity": 0.6692850924284732}, "4": {"effiencient_move": true, "similarity": 1.7986209962091548}, "5": {"effiencient_move": true, "similarity": 4.742587317756664}, "6": {"effiencient_move": true, "similarity": 4.742587317756664}, "7": {"effiencient_move": true, "similarity": 11.920292202211769}, "8": {"effiencient_move": false, "similarity": 26.89414213699951}, "9": {"effiencient_move": false, "similarity": 26.89414213699951}, "10": {"effiencient_move": false, "similarity": 26.89414213699951}, "11": {"effiencient_move": false, "similarity": 26.89414213699951}, "12": {"effiencient_move": true, "similarity": 26.89414213699951}, "13": {"effiencient_move": false, "similarity": 26.89414213699951}}, "episode scores": {"Success": 0, "Aborted": 0, "Lose": 1, "moves": 14, "valid_moves": 14, "invalid_moves": 0, "stopped": 1, "turns_limit": 0, "loops": 0, "number_visited": 7, "seen": 8, "efficiency": 64.28571428571429, "exploration": 87.5, "graph_similarity": 26.89414213699951, "Main Score": 74.11764705882355}}