{"turn scores": {"0": {"effiencient_move": 1, "turn_graph_similarity": 0.006692850924284732}, "1": {"effiencient_move": 1, "turn_graph_similarity": 0.01798620996209155}, "2": {"effiencient_move": 1, "turn_graph_similarity": 0.047425873177566635}, "3": {"effiencient_move": 0, "turn_graph_similarity": 0.11920292202211769}, "4": {"effiencient_move": 1, "turn_graph_similarity": 0.11920292202211769}, "5": {"effiencient_move": 1, "turn_graph_similarity": 0.2689414213699951}, "6": {"effiencient_move": 0, "turn_graph_similarity": 0.2689414213699951}, "7": {"effiencient_move": 1, "turn_graph_similarity": 0.18242552380635635}, "8": {"turn_graph_similarity": 0.18242552380635635}}, "episode scores": {"Aborted": 0, "Success": 0, "Lose": 1, "graph_similarity": 0.18242552380635635, "moves": 8, "valid_moves": 8, "invalid_moves": 0, "visited": 5, "seen": 6, "effieciency": 75.0, "exploration": 83.33333333333333, "Main Score": 78.94736842105264}}