{"turn scores": {"0": {"effiencient_move": 1, "turn_graph_similarity": 0.047425873177566635}, "1": {"effiencient_move": 1, "turn_graph_similarity": 0.11920292202211769}, "2": {"effiencient_move": 1, "turn_graph_similarity": 0.11920292202211769}, "3": {"effiencient_move": 1, "turn_graph_similarity": 0.2689414213699951}, "4": {"effiencient_move": 1, "turn_graph_similarity": 0.5}, "5": {"effiencient_move": 0, "turn_graph_similarity": 0.2689414213699951}, "6": {"effiencient_move": 0, "turn_graph_similarity": 0.18242552380635635}, "7": {"effiencient_move": 0, "turn_graph_similarity": 0.11920292202211769}, "8": {"effiencient_move": 0, "turn_graph_similarity": 0.11920292202211769}, "9": {"turn_graph_similarity": 0.11920292202211769}}, "episode scores": {"Aborted": 0, "Success": 1, "Lose": 0, "graph_similarity": 0.11920292202211769, "moves": 9, "valid_moves": 9, "invalid_moves": 0, "visited": 4, "seen": 4, "effieciency": 55.55555555555556, "exploration": 100.0, "Main Score": 71.42857142857143}}