episode,Aborted,Accuracy,Kappa,Lose,Main Score,Middle-Accuracy,Parsed Request Count,Played,Request Count,Request Success Ratio,Slot-Filling-Accuracy,Success,Truncated Kappa,Violated Request Count
episode_0,0.0,0.9708333333333333,0.9416666666666667,1.0,96.99570815450643,0.9333333333333333,255.0,1.0,255.0,1.0,1.0,0.0,0.9416666666666667,0.0
episode_1,0.0,0.9333333333333333,0.8666666666666667,1.0,92.85714285714286,0.9333333333333333,255.0,1.0,255.0,1.0,1.0,0.0,0.8666666666666667,0.0
episode_2,0.0,0.9541666666666667,0.9083333333333333,1.0,95.19650655021834,0.9333333333333333,255.0,1.0,255.0,1.0,1.0,0.0,0.9083333333333333,0.0
episode_4,0.0,0.85,0.7,1.0,82.35294117647058,0.8666666666666667,255.0,1.0,255.0,1.0,1.0,0.0,0.7,0.0
episode_5,0.0,0.9416666666666667,0.8833333333333333,1.0,93.80530973451327,0.9333333333333333,255.0,1.0,255.0,1.0,1.0,0.0,0.8833333333333333,0.0
episode_6,0.0,0.875,0.75,1.0,85.71428571428571,0.8,255.0,1.0,255.0,1.0,1.0,0.0,0.75,0.0
episode_7,0.0,0.7833333333333333,0.5666666666666667,1.0,72.34042553191489,0.5333333333333333,255.0,1.0,255.0,1.0,1.0,0.0,0.5666666666666667,0.0
episode_8,0.0,0.9625,0.925,1.0,96.1038961038961,1.0,255.0,1.0,255.0,1.0,1.0,0.0,0.925,0.0
episode_9,0.0,0.9333333333333333,0.8666666666666667,1.0,92.85714285714286,0.8666666666666667,255.0,1.0,255.0,1.0,1.0,0.0,0.8666666666666667,0.0
