,metric,value
19018,Middle-Accuracy,0.6
19019,Accuracy,0.6666666666666666
19020,Kappa,0.33333333333333337
19021,Truncated Kappa,0.33333333333333337
19022,Slot-Filling-Accuracy,0.8
19023,Main Score,47.058823529411775
19024,Aborted,0.0
19025,Lose,1.0
19026,Success,0.0
19027,Request Count,35.0
19028,Parsed Request Count,35.0
19029,Violated Request Count,0.0
19030,Request Success Ratio,1.0
34125,Played,1.0
