,metric,value
21449,Middle-Accuracy,0.8
21450,Accuracy,0.6666666666666666
21451,Kappa,0.33333333333333337
21452,Truncated Kappa,0.33333333333333337
21453,Slot-Filling-Accuracy,1.0
21454,Main Score,50.0
21455,Aborted,0.0
21456,Lose,1.0
21457,Success,0.0
21458,Request Count,35.0
21459,Parsed Request Count,35.0
21460,Violated Request Count,0.0
21461,Request Success Ratio,1.0
34319,Played,1.0
