{"turn scores": {"0": {"effiencient_move": 1, "turn_graph_similarity": 0.013385701848569465}, "1": {"effiencient_move": 1, "turn_graph_similarity": 0.0359724199241831}, "2": {"effiencient_move": 1, "turn_graph_similarity": 0.09485174635513327}, "3": {"effiencient_move": 1, "turn_graph_similarity": 0.09485174635513327}, "4": {"effiencient_move": 1, "turn_graph_similarity": 0.1517163600424869}, "5": {"effiencient_move": 0, "turn_graph_similarity": 0.23840584404423537}, "6": {"effiencient_move": 1, "turn_graph_similarity": 0.3648510476127127}, "7": {"effiencient_move": 1, "turn_graph_similarity": 0.3648510476127127}, "8": {"effiencient_move": 0, "turn_graph_similarity": 0.5378828427399902}, "9": {"effiencient_move": 0, "turn_graph_similarity": 0.23840584404423537}, "10": {"effiencient_move": 1, "turn_graph_similarity": 0.23840584404423537}, "11": {"effiencient_move": 0, "turn_graph_similarity": 0.23840584404423537}, "12": {"turn_graph_similarity": 0.23840584404423537}}, "episode scores": {"Aborted": 0, "Success": 0, "Lose": 1, "graph_similarity": 0.23840584404423537, "moves": 12, "valid_moves": 12, "invalid_moves": 0, "visited": 5, "seen": 6, "effieciency": 66.66666666666667, "exploration": 83.33333333333333, "Main Score": 74.07407407407408}}