{"turn scores": {"0": {"effiencient_move": 1, "turn_graph_similarity": 0.0018221023888012056}, "1": {"effiencient_move": 1, "turn_graph_similarity": 0.004945246313269314}, "2": {"effiencient_move": 1, "turn_graph_similarity": 0.013385701848569465}, "3": {"effiencient_move": 0, "turn_graph_similarity": 0.0359724199241831}, "4": {"effiencient_move": 0, "turn_graph_similarity": 0.09485174635513327}, "5": {"effiencient_move": 0, "turn_graph_similarity": 0.09485174635513327}, "6": {"effiencient_move": 0, "turn_graph_similarity": 0.09485174635513327}, "7": {"turn_graph_similarity": 0.09485174635513327}}, "episode scores": {"Aborted": 0, "Success": 0, "Lose": 1, "graph_similarity": 9.485174635513328, "moves": 7, "valid_moves": 7, "invalid_moves": 0, "visited": 4, "seen": 7, "efficiency": 42.857142857142854, "exploration": 50.0, "Main Score": 46.153846153846146}}