,metric,value
20333,Middle-Accuracy,1.0
20334,Accuracy,0.9727272727272728
20335,Kappa,0.9454545454545454
20336,Truncated Kappa,0.9454545454545454
20337,Slot-Filling-Accuracy,1.0
20338,Main Score,97.19626168224299
20339,Aborted,0.0
20340,Lose,1.0
20341,Success,0.0
20342,Request Count,120.0
20343,Parsed Request Count,120.0
20344,Violated Request Count,0.0
20345,Request Success Ratio,1.0
34230,Played,1.0
