,metric,value
21397,Middle-Accuracy,0.8
21398,Accuracy,0.8666666666666667
21399,Kappa,0.7333333333333334
21400,Truncated Kappa,0.7333333333333334
21401,Slot-Filling-Accuracy,1.0
21402,Main Score,84.61538461538461
21403,Aborted,0.0
21404,Lose,1.0
21405,Success,0.0
21406,Request Count,35.0
21407,Parsed Request Count,35.0
21408,Violated Request Count,0.0
21409,Request Success Ratio,1.0
34315,Played,1.0
