,metric,value
19057,Middle-Accuracy,0.4
19058,Accuracy,0.6333333333333333
19059,Kappa,0.33734939759036153
19060,Truncated Kappa,0.33734939759036153
19061,Slot-Filling-Accuracy,1.0
19062,Main Score,50.450450450450454
19063,Aborted,0.0
19064,Lose,1.0
19065,Success,0.0
19066,Request Count,35.0
19067,Parsed Request Count,35.0
19068,Violated Request Count,0.0
19069,Request Success Ratio,1.0
34128,Played,1.0
