{"turn scores": {"0": {"effiencient_move": true, "similarity": 0.18221023888012056}, "1": {"effiencient_move": false, "similarity": 0.49452463132693136}, "2": {"effiencient_move": true, "similarity": 0.49452463132693136}, "3": {"effiencient_move": true, "similarity": 0.49452463132693136}, "4": {"effiencient_move": false, "similarity": 1.3385701848569465}, "5": {"effiencient_move": false, "similarity": 1.3385701848569465}, "6": {"effiencient_move": true, "similarity": 1.3385701848569465}, "7": {"effiencient_move": true, "similarity": 1.3385701848569465}, "8": {"effiencient_move": false, "similarity": 1.3385701848569465}, "9": {"effiencient_move": false, "similarity": 1.3385701848569465}, "10": {"effiencient_move": false, "similarity": 1.3385701848569465}}, "episode scores": {"Success": 0, "Aborted": 0, "Lose": 1, "moves": 11, "valid_moves": 11, "invalid_moves": 0, "stopped": 1, "turns_limit": 0, "loops": 1, "number_visited": 3, "seen": 4, "efficiency": 45.45454545454545, "exploration": 37.5, "graph_similarity": 1.3385701848569465, "Main Score": 41.0958904109589}}