{"turn scores": {"0": {"effiencient_move": 1, "turn_graph_similarity": 0.006692850924284732}, "1": {"effiencient_move": 1, "turn_graph_similarity": 0.01798620996209155}, "2": {"effiencient_move": 1, "turn_graph_similarity": 0.047425873177566635}, "3": {"effiencient_move": 0, "turn_graph_similarity": 0.07585818002124345}, "4": {"effiencient_move": 0, "turn_graph_similarity": 0.047425873177566635}, "5": {"effiencient_move": 1, "turn_graph_similarity": 0.11920292202211769}, "6": {"effiencient_move": 1, "turn_graph_similarity": 0.2689414213699951}, "7": {"turn_graph_similarity": 0.2689414213699951}}, "episode scores": {"Aborted": 0, "Success": 0, "Lose": 1, "graph_similarity": 0.2689414213699951, "moves": 7, "valid_moves": 7, "invalid_moves": 0, "visited": 5, "seen": 6, "effieciency": 71.42857142857143, "exploration": 83.33333333333333, "Main Score": 76.92307692307692}}