{"turn scores": {"0": {"effiencient_move": 1, "turn_graph_similarity": 0.006692850924284732}, "1": {"effiencient_move": 1, "turn_graph_similarity": 0.01798620996209155}, "2": {"effiencient_move": 1, "turn_graph_similarity": 0.047425873177566635}, "3": {"effiencient_move": 1, "turn_graph_similarity": 0.11920292202211769}, "4": {"effiencient_move": 1, "turn_graph_similarity": 0.2689414213699951}, "5": {"effiencient_move": 0, "turn_graph_similarity": 0.2689414213699951}, "6": {"effiencient_move": 0, "turn_graph_similarity": 0.2689414213699951}, "7": {"effiencient_move": 0, "turn_graph_similarity": 0.2689414213699951}, "8": {"effiencient_move": 0, "turn_graph_similarity": 0.2689414213699951}, "9": {"turn_graph_similarity": 0.2689414213699951}}, "episode scores": {"Aborted": 0, "Success": 1, "Lose": 0, "graph_similarity": 0.2689414213699951, "moves": 9, "valid_moves": 9, "invalid_moves": 0, "visited": 6, "seen": 6, "effieciency": 55.55555555555556, "exploration": 100.0, "Main Score": 71.42857142857143}}