{"turn scores": {"0": {"effiencient_move": 1, "turn_graph_similarity": 0.0018221023888012056}, "1": {"effiencient_move": 1, "turn_graph_similarity": 0.004945246313269314}, "2": {"effiencient_move": 0, "turn_graph_similarity": 0.013385701848569465}, "3": {"effiencient_move": 1, "turn_graph_similarity": 0.013385701848569465}, "4": {"effiencient_move": 1, "turn_graph_similarity": 0.013385701848569465}, "5": {"effiencient_move": 1, "turn_graph_similarity": 0.0359724199241831}, "6": {"turn_graph_similarity": 0.0359724199241831}}, "episode scores": {"Aborted": 0, "Success": 0, "Lose": 1, "graph_similarity": 0.0359724199241831, "moves": 6, "valid_moves": 6, "invalid_moves": 0, "visited": 4, "seen": 5, "effieciency": 83.33333333333333, "exploration": 50.0, "Main Score": 62.5}}