,metric,value
21537,Middle-Accuracy,0.8
21538,Accuracy,0.7666666666666667
21539,Kappa,0.5333333333333333
21540,Truncated Kappa,0.5333333333333333
21541,Slot-Filling-Accuracy,1.0
21542,Main Score,69.56521739130436
21543,Aborted,0.0
21544,Lose,1.0
21545,Success,0.0
21546,Request Count,40.0
21547,Parsed Request Count,35.0
21548,Violated Request Count,5.0
21549,Request Success Ratio,0.875
34326,Played,1.0
