{"turn scores": {"0": {"effiencient_move": 1, "turn_graph_similarity": 0.0018221023888012056}, "1": {"effiencient_move": 1, "turn_graph_similarity": 0.004945246313269314}, "2": {"effiencient_move": 0, "turn_graph_similarity": 0.013385701848569465}, "3": {"effiencient_move": 1, "turn_graph_similarity": 0.008140275431792077}, "4": {"effiencient_move": 0, "turn_graph_similarity": 0.008140275431792077}, "5": {"effiencient_move": 1, "turn_graph_similarity": 0.008140275431792077}, "6": {"effiencient_move": 0, "turn_graph_similarity": 0.008140275431792077}, "7": {"turn_graph_similarity": 0.008140275431792077}}, "episode scores": {"Aborted": 0, "Success": 0, "Lose": 1, "graph_similarity": 0.8140275431792077, "moves": 7, "valid_moves": 7, "invalid_moves": 0, "visited": 3, "seen": 5, "efficiency": 57.142857142857146, "exploration": 37.5, "Main Score": 45.28301886792453}}