,metric,value
18667,Middle-Accuracy,0.9333333333333333
18668,Accuracy,0.9416666666666667
18669,Kappa,0.8833333333333333
18670,Truncated Kappa,0.8833333333333333
18671,Slot-Filling-Accuracy,1.0
18672,Main Score,93.80530973451327
18673,Aborted,0.0
18674,Lose,1.0
18675,Success,0.0
18676,Request Count,255.0
18677,Parsed Request Count,255.0
18678,Violated Request Count,0.0
18679,Request Success Ratio,1.0
34098,Played,1.0
