{"turn scores": {"0": {"effiencient_move": 1, "turn_graph_similarity": 0.0018221023888012056}, "1": {"effiencient_move": 1, "turn_graph_similarity": 0.004945246313269314}, "2": {"effiencient_move": 1, "turn_graph_similarity": 0.013385701848569465}, "3": {"effiencient_move": 1, "turn_graph_similarity": 0.008140275431792077}, "4": {"effiencient_move": 1, "turn_graph_similarity": 0.021973885261186377}, "5": {"effiencient_move": 1, "turn_graph_similarity": 0.05862446150271272}, "6": {"effiencient_move": 1, "turn_graph_similarity": 0.1517163600424869}, "7": {"effiencient_move": 1, "turn_graph_similarity": 0.3648510476127127}, "8": {"effiencient_move": 1, "turn_graph_similarity": 0.3648510476127127}, "9": {"effiencient_move": 1, "turn_graph_similarity": 0.23840584404423537}, "10": {"effiencient_move": 1, "turn_graph_similarity": 0.23840584404423537}, "11": {"effiencient_move": 0, "turn_graph_similarity": 0.23840584404423537}, "12": {"turn_graph_similarity": 0.23840584404423537}}, "episode scores": {"Aborted": 0, "Success": 1, "Lose": 0, "graph_similarity": 0.23840584404423537, "moves": 12, "valid_moves": 12, "invalid_moves": 0, "visited": 8, "seen": 8, "effieciency": 91.66666666666667, "exploration": 100.0, "Main Score": 95.65217391304348}}