{"turn scores": {"0": {"effiencient_move": 1, "turn_graph_similarity": 0.013385701848569465}, "1": {"effiencient_move": 1, "turn_graph_similarity": 0.013385701848569465}, "2": {"effiencient_move": 1, "turn_graph_similarity": 0.013385701848569465}, "3": {"effiencient_move": 1, "turn_graph_similarity": 0.013385701848569465}, "4": {"effiencient_move": 1, "turn_graph_similarity": 0.013385701848569465}, "5": {"effiencient_move": 0, "turn_graph_similarity": 0.013385701848569465}, "6": {"effiencient_move": 1, "turn_graph_similarity": 0.013385701848569465}, "7": {"effiencient_move": 0, "turn_graph_similarity": 0.013385701848569465}, "8": {"effiencient_move": 1, "turn_graph_similarity": 0.013385701848569465}, "9": {"effiencient_move": 0, "turn_graph_similarity": 0.013385701848569465}, "10": {"effiencient_move": 1, "turn_graph_similarity": 0.013385701848569465}, "11": {"effiencient_move": 0, "turn_graph_similarity": 0.013385701848569465}, "12": {"effiencient_move": 1, "turn_graph_similarity": 0.013385701848569465}, "13": {"turn_graph_similarity": 0.008140275431792077}}, "episode scores": {"Aborted": 0, "Success": 0, "Lose": 1, "graph_similarity": 0.008140275431792077, "moves": 13, "valid_moves": 13, "invalid_moves": 0, "visited": 5, "seen": 6, "effieciency": 69.23076923076923, "exploration": 83.33333333333333, "Main Score": 75.63025210084034}}