{"turn scores": {"0": {"effiencient_move": false, "similarity": 0.6692850924284732}, "1": {"effiencient_move": true, "similarity": 1.7986209962091548}, "2": {"effiencient_move": true, "similarity": 4.742587317756664}, "3": {"effiencient_move": true, "similarity": 11.920292202211769}, "4": {"effiencient_move": true, "similarity": 11.920292202211769}, "5": {"effiencient_move": true, "similarity": 11.920292202211769}, "6": {"effiencient_move": true, "similarity": 11.920292202211769}, "7": {"effiencient_move": true, "similarity": 26.89414213699951}, "8": {"effiencient_move": false, "similarity": 50.0}, "9": {"effiencient_move": false, "similarity": 37.75406687981454}, "10": {"effiencient_move": false, "similarity": 37.75406687981454}}, "episode scores": {"Success": 1, "Aborted": 0, "Lose": 0, "moves": 11, "valid_moves": 11, "invalid_moves": 0, "stopped": 1, "turns_limit": 0, "loops": 0, "number_visited": 6, "seen": 6, "efficiency": 63.63636363636363, "exploration": 100.0, "graph_similarity": 37.75406687981454, "Main Score": 77.77777777777777}}