,metric,value
20450,Middle-Accuracy,1.0
20451,Accuracy,0.9818181818181818
20452,Kappa,0.9636363636363636
20453,Truncated Kappa,0.9636363636363636
20454,Slot-Filling-Accuracy,1.0
20455,Main Score,98.14814814814815
20456,Aborted,0.0
20457,Lose,1.0
20458,Success,0.0
20459,Request Count,120.0
20460,Parsed Request Count,120.0
20461,Violated Request Count,0.0
20462,Request Success Ratio,1.0
34239,Played,1.0
