{"turn scores": {"0": {"effiencient_move": 1, "turn_graph_similarity": 0.0018221023888012056}, "1": {"effiencient_move": 0, "turn_graph_similarity": 0.004945246313269314}, "2": {"effiencient_move": 1, "turn_graph_similarity": 0.013385701848569465}, "3": {"turn_graph_similarity": 0.013385701848569465}}, "episode scores": {"Aborted": 0, "Success": 0, "Lose": 1, "graph_similarity": 0.013385701848569465, "moves": 3, "valid_moves": 3, "invalid_moves": 0, "visited": 3, "seen": 5, "effieciency": 66.66666666666667, "exploration": 37.5, "Main Score": 48.0}}