{"turn scores": {"0": {"effiencient_move": 1, "turn_graph_similarity": 0.013385701848569465}, "1": {"effiencient_move": 1, "turn_graph_similarity": 0.0359724199241831}, "2": {"effiencient_move": 1, "turn_graph_similarity": 0.09485174635513327}, "3": {"effiencient_move": 1, "turn_graph_similarity": 0.008140275431792077}, "4": {"effiencient_move": 0, "turn_graph_similarity": 0.008140275431792077}, "5": {"turn_graph_similarity": 0.008140275431792077}}, "episode scores": {"Aborted": 0, "Success": 0, "Lose": 1, "graph_similarity": 0.008140275431792077, "moves": 5, "valid_moves": 5, "invalid_moves": 0, "visited": 3, "seen": 5, "effieciency": 80.0, "exploration": 50.0, "Main Score": 61.53846153846154}}