,metric,value
19187,Middle-Accuracy,1.0
19188,Accuracy,0.9818181818181818
19189,Kappa,0.9636363636363636
19190,Truncated Kappa,0.9636363636363636
19191,Slot-Filling-Accuracy,1.0
19192,Main Score,98.14814814814815
19193,Aborted,0.0
19194,Lose,1.0
19195,Success,0.0
19196,Request Count,120.0
19197,Parsed Request Count,120.0
19198,Violated Request Count,0.0
19199,Request Success Ratio,1.0
34138,Played,1.0
