{"turn scores": {"0": {"effiencient_move": 1, "turn_graph_similarity": 0.0018221023888012056}, "1": {"effiencient_move": 1, "turn_graph_similarity": 0.004945246313269314}, "2": {"effiencient_move": 1, "turn_graph_similarity": 0.013385701848569465}, "3": {"effiencient_move": 1, "turn_graph_similarity": 0.021973885261186377}, "4": {"effiencient_move": 1, "turn_graph_similarity": 0.05862446150271272}, "5": {"effiencient_move": 1, "turn_graph_similarity": 0.09485174635513327}, "6": {"effiencient_move": 0, "turn_graph_similarity": 0.23840584404423537}, "7": {"effiencient_move": 0, "turn_graph_similarity": 0.5378828427399902}, "8": {"effiencient_move": 1, "turn_graph_similarity": 0.5378828427399902}, "9": {"turn_graph_similarity": 0.5378828427399902}}, "episode scores": {"Aborted": 0, "Success": 0, "Lose": 1, "graph_similarity": 0.5378828427399902, "moves": 9, "valid_moves": 9, "invalid_moves": 0, "visited": 5, "seen": 6, "effieciency": 77.77777777777777, "exploration": 62.5, "Main Score": 69.3069306930693}}