,metric,value
19904,Middle-Accuracy,0.8666666666666667
19905,Accuracy,0.9333333333333333
19906,Kappa,0.8666666666666667
19907,Truncated Kappa,0.8666666666666667
19908,Slot-Filling-Accuracy,1.0
19909,Main Score,92.85714285714286
19910,Aborted,0.0
19911,Lose,1.0
19912,Success,0.0
19913,Request Count,255.0
19914,Parsed Request Count,255.0
19915,Violated Request Count,0.0
19916,Request Success Ratio,1.0
34197,Played,1.0
