{"turn scores": {"0": {"effiencient_move": 1, "turn_graph_similarity": 0.0018221023888012056}, "1": {"effiencient_move": 1, "turn_graph_similarity": 0.0030023645134740207}, "2": {"effiencient_move": 1, "turn_graph_similarity": 0.004945246313269314}, "3": {"effiencient_move": 1, "turn_graph_similarity": 0.008140275431792077}, "4": {"effiencient_move": 1, "turn_graph_similarity": 0.013385701848569465}, "5": {"effiencient_move": 1, "turn_graph_similarity": 0.021973885261186377}, "6": {"turn_graph_similarity": 0.021973885261186377}}, "episode scores": {"Aborted": 0, "Success": 0, "Lose": 1, "graph_similarity": 0.021973885261186377, "moves": 6, "valid_moves": 6, "invalid_moves": 0, "visited": 7, "seen": 8, "effieciency": 100.0, "exploration": 87.5, "Main Score": 93.33333333333333}}