{"turn scores": {"0": {"effiencient_move": 1, "turn_graph_similarity": 0.0018221023888012056}, "1": {"effiencient_move": 0, "turn_graph_similarity": 0.004945246313269314}, "2": {"effiencient_move": 0, "turn_graph_similarity": 0.013385701848569465}, "3": {"effiencient_move": 1, "turn_graph_similarity": 0.0359724199241831}, "4": {"effiencient_move": 1, "turn_graph_similarity": 0.09485174635513327}, "5": {"effiencient_move": 1, "turn_graph_similarity": 0.05862446150271272}, "6": {"effiencient_move": 0, "turn_graph_similarity": 0.0359724199241831}, "7": {"effiencient_move": 0, "turn_graph_similarity": 0.0359724199241831}, "8": {"effiencient_move": 1, "turn_graph_similarity": 0.09485174635513327}, "9": {"turn_graph_similarity": 0.09485174635513327}}, "episode scores": {"Aborted": 0, "Success": 0, "Lose": 1, "graph_similarity": 9.485174635513328, "moves": 9, "valid_moves": 9, "invalid_moves": 0, "visited": 3, "seen": 4, "efficiency": 55.55555555555556, "exploration": 37.5, "Main Score": 44.776119402985074}}