{"turn scores": {"0": {"effiencient_move": 1, "turn_graph_similarity": 0.0009110511944006028}, "1": {"effiencient_move": 1, "turn_graph_similarity": 0.002472623156634657}, "2": {"effiencient_move": 1, "turn_graph_similarity": 0.006692850924284732}, "3": {"effiencient_move": 1, "turn_graph_similarity": 0.01798620996209155}, "4": {"effiencient_move": 1, "turn_graph_similarity": 0.047425873177566635}, "5": {"effiencient_move": 1, "turn_graph_similarity": 0.11920292202211769}, "6": {"effiencient_move": 0, "turn_graph_similarity": 0.07585818002124345}, "7": {"effiencient_move": 1, "turn_graph_similarity": 0.07585818002124345}, "8": {"effiencient_move": 1, "turn_graph_similarity": 0.18242552380635635}, "9": {"effiencient_move": 1, "turn_graph_similarity": 0.18242552380635635}, "10": {"effiencient_move": 1, "turn_graph_similarity": 0.18242552380635635}, "11": {"turn_graph_similarity": 0.18242552380635635}}, "episode scores": {"Aborted": 0, "Success": 0, "Lose": 1, "graph_similarity": 0.18242552380635635, "moves": 11, "valid_moves": 11, "invalid_moves": 0, "visited": 7, "seen": 8, "effieciency": 90.9090909090909, "exploration": 87.5, "Main Score": 89.17197452229298}}