,metric,value
20346,Middle-Accuracy,1.0
20347,Accuracy,0.990909090909091
20348,Kappa,0.9818181818181818
20349,Truncated Kappa,0.9818181818181818
20350,Slot-Filling-Accuracy,1.0
20351,Main Score,99.08256880733944
20352,Aborted,0.0
20353,Lose,1.0
20354,Success,0.0
20355,Request Count,120.0
20356,Parsed Request Count,120.0
20357,Violated Request Count,0.0
20358,Request Success Ratio,1.0
34231,Played,1.0
