{"turn scores": {"0": {"effiencient_move": 1, "turn_graph_similarity": 0.0018221023888012056}, "1": {"effiencient_move": 1, "turn_graph_similarity": 0.004945246313269314}, "2": {"effiencient_move": 1, "turn_graph_similarity": 0.013385701848569465}, "3": {"effiencient_move": 1, "turn_graph_similarity": 0.0359724199241831}, "4": {"effiencient_move": 1, "turn_graph_similarity": 0.0359724199241831}, "5": {"effiencient_move": 1, "turn_graph_similarity": 0.0359724199241831}, "6": {"effiencient_move": 1, "turn_graph_similarity": 0.0359724199241831}, "7": {"effiencient_move": 1, "turn_graph_similarity": 0.09485174635513327}, "8": {"effiencient_move": 1, "turn_graph_similarity": 0.09485174635513327}, "9": {"turn_graph_similarity": 0.1517163600424869}}, "episode scores": {"Aborted": 0, "Success": 1, "Lose": 0, "graph_similarity": 0.1517163600424869, "moves": 9, "valid_moves": 9, "invalid_moves": 0, "visited": 8, "seen": 8, "effieciency": 100.0, "exploration": 100.0, "Main Score": 100.0}}