{"turn scores": {"0": {"effiencient_move": 1, "turn_graph_similarity": 0.013385701848569465}, "1": {"effiencient_move": 1, "turn_graph_similarity": 0.0359724199241831}, "2": {"effiencient_move": 1, "turn_graph_similarity": 0.09485174635513327}, "3": {"effiencient_move": 1, "turn_graph_similarity": 0.05862446150271272}, "4": {"turn_graph_similarity": 0.05862446150271272}}, "episode scores": {"Aborted": 0, "Success": 0, "Lose": 1, "graph_similarity": 0.05862446150271272, "moves": 4, "valid_moves": 4, "invalid_moves": 0, "visited": 3, "seen": 4, "effieciency": 100.0, "exploration": 50.0, "Main Score": 66.66666666666667}}