,metric,value
20021,Middle-Accuracy,0.8
20022,Accuracy,0.9333333333333333
20023,Kappa,0.8666666666666667
20024,Truncated Kappa,0.8666666666666667
20025,Slot-Filling-Accuracy,1.0
20026,Main Score,92.85714285714286
20027,Aborted,0.0
20028,Lose,1.0
20029,Success,0.0
20030,Request Count,35.0
20031,Parsed Request Count,35.0
20032,Violated Request Count,0.0
20033,Request Success Ratio,1.0
34206,Played,1.0
