{"turn scores": {"0": {"effiencient_move": true, "similarity": 0.18221023888012056}, "1": {"effiencient_move": true, "similarity": 0.49452463132693136}, "2": {"effiencient_move": true, "similarity": 1.3385701848569465}, "3": {"effiencient_move": true, "similarity": 1.3385701848569465}, "4": {"effiencient_move": true, "similarity": 3.5972419924183097}, "5": {"effiencient_move": true, "similarity": 9.485174635513328}, "6": {"effiencient_move": true, "similarity": 9.485174635513328}, "7": {"effiencient_move": true, "similarity": 23.840584404423538}, "8": {"effiencient_move": false, "similarity": 53.78828427399902}, "9": {"effiencient_move": false, "similarity": 53.78828427399902}, "10": {"effiencient_move": false, "similarity": 53.78828427399902}, "11": {"effiencient_move": false, "similarity": 53.78828427399902}, "12": {"effiencient_move": true, "similarity": 53.78828427399902}, "13": {"effiencient_move": false, "similarity": 53.78828427399902}}, "episode scores": {"Success": 0, "Aborted": 0, "Lose": 1, "moves": 14, "valid_moves": 14, "invalid_moves": 0, "stopped": 1, "turns_limit": 0, "loops": 1, "number_visited": 7, "seen": 8, "efficiency": 64.28571428571429, "exploration": 87.5, "graph_similarity": 53.78828427399902, "Main Score": 74.11764705882355}}