,metric,value
21512,Middle-Accuracy,0.8
21513,Accuracy,0.7666666666666667
21514,Kappa,0.5333333333333333
21515,Truncated Kappa,0.5333333333333333
21516,Slot-Filling-Accuracy,1.0
21517,Main Score,69.56521739130436
21518,Aborted,0.0
21519,Lose,1.0
21520,Success,0.0
21521,Request Count,38.0
21522,Parsed Request Count,35.0
21523,Violated Request Count,3.0
21524,Request Success Ratio,0.9210526315789473
34324,Played,1.0
