{"turn scores": {"0": {"effiencient_move": 1, "turn_graph_similarity": 0.006692850924284732}, "1": {"effiencient_move": 1, "turn_graph_similarity": 0.006692850924284732}, "2": {"effiencient_move": 1, "turn_graph_similarity": 0.006692850924284732}, "3": {"effiencient_move": 1, "turn_graph_similarity": 0.006692850924284732}, "4": {"effiencient_move": 1, "turn_graph_similarity": 0.006692850924284732}, "5": {"effiencient_move": 0, "turn_graph_similarity": 0.006692850924284732}, "6": {"effiencient_move": 1, "turn_graph_similarity": 0.006692850924284732}, "7": {"effiencient_move": 0, "turn_graph_similarity": 0.006692850924284732}, "8": {"effiencient_move": 1, "turn_graph_similarity": 0.006692850924284732}, "9": {"effiencient_move": 0, "turn_graph_similarity": 0.006692850924284732}, "10": {"effiencient_move": 1, "turn_graph_similarity": 0.006692850924284732}, "11": {"effiencient_move": 0, "turn_graph_similarity": 0.006692850924284732}, "12": {"effiencient_move": 1, "turn_graph_similarity": 0.006692850924284732}, "13": {"turn_graph_similarity": 0.004070137715896038}}, "episode scores": {"Aborted": 0, "Success": 0, "Lose": 1, "graph_similarity": 0.004070137715896038, "moves": 13, "valid_moves": 13, "invalid_moves": 0, "visited": 5, "seen": 6, "effieciency": 69.23076923076923, "exploration": 83.33333333333333, "Main Score": 75.63025210084034}}