,metric,value
21216,Middle-Accuracy,0.6
21217,Accuracy,0.8666666666666667
21218,Kappa,0.7333333333333334
21219,Truncated Kappa,0.7333333333333334
21220,Slot-Filling-Accuracy,1.0
21221,Main Score,84.61538461538461
21222,Aborted,0.0
21223,Lose,1.0
21224,Success,0.0
21225,Request Count,35.0
21226,Parsed Request Count,35.0
21227,Violated Request Count,0.0
21228,Request Success Ratio,1.0
34301,Played,1.0
