,metric,value
20190,Middle-Accuracy,0.8
20191,Accuracy,0.8666666666666667
20192,Kappa,0.7333333333333334
20193,Truncated Kappa,0.7333333333333334
20194,Slot-Filling-Accuracy,1.0
20195,Main Score,84.61538461538461
20196,Aborted,0.0
20197,Lose,1.0
20198,Success,0.0
20199,Request Count,35.0
20200,Parsed Request Count,35.0
20201,Violated Request Count,0.0
20202,Request Success Ratio,1.0
34219,Played,1.0
