,metric,value
20372,Middle-Accuracy,1.0
20373,Accuracy,0.990909090909091
20374,Kappa,0.9818181818181818
20375,Truncated Kappa,0.9818181818181818
20376,Slot-Filling-Accuracy,1.0
20377,Main Score,99.08256880733944
20378,Aborted,0.0
20379,Lose,1.0
20380,Success,0.0
20381,Request Count,120.0
20382,Parsed Request Count,120.0
20383,Violated Request Count,0.0
20384,Request Success Ratio,1.0
34233,Played,1.0
