,metric,value
21574,Middle-Accuracy,0.6
21575,Accuracy,0.7333333333333333
21576,Kappa,0.4666666666666667
21577,Truncated Kappa,0.4666666666666667
21578,Slot-Filling-Accuracy,1.0
21579,Main Score,63.63636363636363
21580,Aborted,0.0
21581,Lose,1.0
21582,Success,0.0
21583,Request Count,41.0
21584,Parsed Request Count,35.0
21585,Violated Request Count,6.0
21586,Request Success Ratio,0.8536585365853658
34329,Played,1.0
