,metric,value
21333,Middle-Accuracy,1.0
21334,Accuracy,0.7666666666666667
21335,Kappa,0.5454545454545454
21336,Truncated Kappa,0.5454545454545454
21337,Slot-Filling-Accuracy,1.0
21338,Main Score,70.58823529411764
21339,Aborted,0.0
21340,Lose,1.0
21341,Success,0.0
21342,Request Count,35.0
21343,Parsed Request Count,35.0
21344,Violated Request Count,0.0
21345,Request Success Ratio,1.0
34310,Played,1.0
