{"turn scores": {"0": {"effiencient_move": 1, "turn_graph_similarity": 0.047425873177566635}, "1": {"effiencient_move": 1, "turn_graph_similarity": 0.11920292202211769}, "2": {"effiencient_move": 1, "turn_graph_similarity": 0.2689414213699951}, "3": {"effiencient_move": 0, "turn_graph_similarity": 0.5}, "4": {"effiencient_move": 0, "turn_graph_similarity": 0.18242552380635635}, "5": {"effiencient_move": 0, "turn_graph_similarity": 0.07585818002124345}, "6": {"effiencient_move": 0, "turn_graph_similarity": 0.01798620996209155}, "7": {"turn_graph_similarity": 0.006692850924284732}}, "episode scores": {"Aborted": 0, "Success": 1, "Lose": 0, "graph_similarity": 0.006692850924284732, "moves": 7, "valid_moves": 7, "invalid_moves": 0, "visited": 4, "seen": 4, "effieciency": 42.857142857142854, "exploration": 100.0, "Main Score": 59.99999999999999}}