{"turn scores": {"0": {"effiencient_move": true, "similarity": 0.18221023888012056}, "1": {"effiencient_move": true, "similarity": 0.49452463132693136}, "2": {"effiencient_move": false, "similarity": 1.3385701848569465}, "3": {"effiencient_move": true, "similarity": 3.5972419924183097}, "4": {"effiencient_move": false, "similarity": 9.485174635513328}, "5": {"effiencient_move": false, "similarity": 9.485174635513328}, "6": {"effiencient_move": false, "similarity": 9.485174635513328}, "7": {"effiencient_move": false, "similarity": 9.485174635513328}, "8": {"effiencient_move": false, "similarity": 9.485174635513328}}, "episode scores": {"Success": 0, "Aborted": 0, "Lose": 1, "moves": 9, "valid_moves": 9, "invalid_moves": 0, "stopped": 1, "turns_limit": 0, "loops": 0, "number_visited": 5, "seen": 7, "efficiency": 33.33333333333333, "exploration": 62.5, "graph_similarity": 9.485174635513328, "Main Score": 43.47826086956521}}