,metric,value
20164,Middle-Accuracy,0.8
20165,Accuracy,0.9666666666666667
20166,Kappa,0.9333333333333333
20167,Truncated Kappa,0.9333333333333333
20168,Slot-Filling-Accuracy,1.0
20169,Main Score,96.55172413793103
20170,Aborted,0.0
20171,Lose,1.0
20172,Success,0.0
20173,Request Count,35.0
20174,Parsed Request Count,35.0
20175,Violated Request Count,0.0
20176,Request Success Ratio,1.0
34217,Played,1.0
