{"turn scores": {"0": {"effiencient_move": 1, "turn_graph_similarity": 0.006692850924284732}, "1": {"effiencient_move": 1, "turn_graph_similarity": 0.01798620996209155}, "2": {"effiencient_move": 1, "turn_graph_similarity": 0.047425873177566635}, "3": {"effiencient_move": 1, "turn_graph_similarity": 0.11920292202211769}, "4": {"effiencient_move": 1, "turn_graph_similarity": 0.2689414213699951}, "5": {"effiencient_move": 0, "turn_graph_similarity": 0.2689414213699951}, "6": {"effiencient_move": 0, "turn_graph_similarity": 0.2689414213699951}, "7": {"effiencient_move": 0, "turn_graph_similarity": 0.2689414213699951}, "8": {"effiencient_move": 0, "turn_graph_similarity": 0.18242552380635635}, "9": {"effiencient_move": 0, "turn_graph_similarity": 0.18242552380635635}, "10": {"effiencient_move": 0, "turn_graph_similarity": 0.18242552380635635}, "11": {"effiencient_move": 0, "turn_graph_similarity": 0.11920292202211769}, "12": {"effiencient_move": 0, "turn_graph_similarity": 0.11920292202211769}, "13": {"turn_graph_similarity": 0.11920292202211769}}, "episode scores": {"Aborted": 0, "Success": 1, "Lose": 0, "graph_similarity": 0.11920292202211769, "moves": 13, "valid_moves": 13, "invalid_moves": 0, "visited": 6, "seen": 6, "effieciency": 38.46153846153846, "exploration": 100.0, "Main Score": 55.55555555555556}}