{"turn scores": {"0": {"effiencient_move": 1, "turn_graph_similarity": 0.013385701848569465}, "1": {"effiencient_move": 1, "turn_graph_similarity": 0.0359724199241831}, "2": {"effiencient_move": 1, "turn_graph_similarity": 0.09485174635513327}, "3": {"effiencient_move": 1, "turn_graph_similarity": 0.23840584404423537}, "4": {"effiencient_move": 1, "turn_graph_similarity": 0.1517163600424869}, "5": {"effiencient_move": 1, "turn_graph_similarity": 0.1517163600424869}, "6": {"effiencient_move": 1, "turn_graph_similarity": 0.1517163600424869}, "7": {"turn_graph_similarity": 0.3648510476127127}}, "episode scores": {"Aborted": 0, "Success": 0, "Lose": 1, "graph_similarity": 0.3648510476127127, "moves": 7, "valid_moves": 7, "invalid_moves": 0, "visited": 5, "seen": 6, "effieciency": 100.0, "exploration": 83.33333333333333, "Main Score": 90.9090909090909}}