,metric,value
19096,Middle-Accuracy,1.0
19097,Accuracy,0.990909090909091
19098,Kappa,0.9818181818181818
19099,Truncated Kappa,0.9818181818181818
19100,Slot-Filling-Accuracy,1.0
19101,Main Score,99.08256880733944
19102,Aborted,0.0
19103,Lose,1.0
19104,Success,0.0
19105,Request Count,120.0
19106,Parsed Request Count,120.0
19107,Violated Request Count,0.0
19108,Request Success Ratio,1.0
34131,Played,1.0
