,metric,value
19109,Middle-Accuracy,1.0
19110,Accuracy,0.990909090909091
19111,Kappa,0.9818181818181818
19112,Truncated Kappa,0.9818181818181818
19113,Slot-Filling-Accuracy,1.0
19114,Main Score,99.08256880733944
19115,Aborted,0.0
19116,Lose,1.0
19117,Success,0.0
19118,Request Count,120.0
19119,Parsed Request Count,120.0
19120,Violated Request Count,0.0
19121,Request Success Ratio,1.0
34132,Played,1.0
