{"turn scores": {"0": {"effiencient_move": 1, "turn_graph_similarity": 0.013385701848569465}, "1": {"effiencient_move": 1, "turn_graph_similarity": 0.0359724199241831}, "2": {"effiencient_move": 1, "turn_graph_similarity": 0.05862446150271272}, "3": {"effiencient_move": 1, "turn_graph_similarity": 0.1517163600424869}, "4": {"effiencient_move": 0, "turn_graph_similarity": 0.23840584404423537}, "5": {"effiencient_move": 1, "turn_graph_similarity": 0.23840584404423537}, "6": {"effiencient_move": 1, "turn_graph_similarity": 0.3648510476127127}, "7": {"effiencient_move": 0, "turn_graph_similarity": 0.1517163600424869}, "8": {"effiencient_move": 0, "turn_graph_similarity": 0.23840584404423537}, "9": {"effiencient_move": 0, "turn_graph_similarity": 0.23840584404423537}, "10": {"turn_graph_similarity": 0.23840584404423537}}, "episode scores": {"Aborted": 0, "Success": 1, "Lose": 0, "graph_similarity": 0.23840584404423537, "moves": 10, "valid_moves": 10, "invalid_moves": 0, "visited": 6, "seen": 6, "effieciency": 60.0, "exploration": 100.0, "Main Score": 75.0}}