{"turn scores": {"0": {"effiencient_move": 1, "turn_graph_similarity": 0.013385701848569465}, "1": {"effiencient_move": 1, "turn_graph_similarity": 0.0359724199241831}, "2": {"effiencient_move": 1, "turn_graph_similarity": 0.0359724199241831}, "3": {"effiencient_move": 1, "turn_graph_similarity": 0.0359724199241831}, "4": {"effiencient_move": 1, "turn_graph_similarity": 0.0359724199241831}, "5": {"effiencient_move": 0, "turn_graph_similarity": 0.0359724199241831}, "6": {"effiencient_move": 0, "turn_graph_similarity": 0.0359724199241831}, "7": {"effiencient_move": 0, "turn_graph_similarity": 0.0359724199241831}, "8": {"effiencient_move": 0, "turn_graph_similarity": 0.0359724199241831}, "9": {"effiencient_move": 0, "turn_graph_similarity": 0.0359724199241831}, "10": {"effiencient_move": 0, "turn_graph_similarity": 0.0359724199241831}, "11": {"effiencient_move": 0, "turn_graph_similarity": 0.0359724199241831}, "12": {"effiencient_move": 0, "turn_graph_similarity": 0.0359724199241831}, "13": {"turn_graph_similarity": 0.0359724199241831}}, "episode scores": {"Aborted": 0, "Success": 1, "Lose": 0, "graph_similarity": 0.0359724199241831, "moves": 13, "valid_moves": 13, "invalid_moves": 0, "visited": 6, "seen": 6, "effieciency": 38.46153846153846, "exploration": 100.0, "Main Score": 55.55555555555556}}