,metric,value
19031,Middle-Accuracy,0.6
19032,Accuracy,0.5666666666666667
19033,Kappa,0.21052631578947356
19034,Truncated Kappa,0.21052631578947356
19035,Slot-Filling-Accuracy,1.0
19036,Main Score,34.782608695652165
19037,Aborted,0.0
19038,Lose,1.0
19039,Success,0.0
19040,Request Count,35.0
19041,Parsed Request Count,35.0
19042,Violated Request Count,0.0
19043,Request Success Ratio,1.0
34126,Played,1.0
