,metric,value
21190,Middle-Accuracy,0.6
21191,Accuracy,0.6958333333333333
21192,Kappa,0.3916666666666667
21193,Truncated Kappa,0.3916666666666667
21194,Slot-Filling-Accuracy,1.0
21195,Main Score,56.28742514970061
21196,Aborted,0.0
21197,Lose,1.0
21198,Success,0.0
21199,Request Count,264.0
21200,Parsed Request Count,255.0
21201,Violated Request Count,9.0
21202,Request Success Ratio,0.9659090909090909
34299,Played,1.0
