,metric,value
18797,Middle-Accuracy,1.0
18798,Accuracy,0.9666666666666667
18799,Kappa,0.9333333333333333
18800,Truncated Kappa,0.9333333333333333
18801,Slot-Filling-Accuracy,0.8
18802,Main Score,86.15384615384616
18803,Aborted,0.0
18804,Lose,1.0
18805,Success,0.0
18806,Request Count,35.0
18807,Parsed Request Count,35.0
18808,Violated Request Count,0.0
18809,Request Success Ratio,1.0
34108,Played,1.0
