,metric,value
21307,Middle-Accuracy,0.6
21308,Accuracy,0.8333333333333334
21309,Kappa,0.6666666666666667
21310,Truncated Kappa,0.6666666666666667
21311,Slot-Filling-Accuracy,1.0
21312,Main Score,80.0
21313,Aborted,0.0
21314,Lose,1.0
21315,Success,0.0
21316,Request Count,37.0
21317,Parsed Request Count,35.0
21318,Violated Request Count,2.0
21319,Request Success Ratio,0.9459459459459459
34308,Played,1.0
