,metric,value
18979,Middle-Accuracy,0.6
18980,Accuracy,0.5666666666666667
18981,Kappa,0.1333333333333333
18982,Truncated Kappa,0.1333333333333333
18983,Slot-Filling-Accuracy,1.0
18984,Main Score,23.529411764705877
18985,Aborted,0.0
18986,Lose,1.0
18987,Success,0.0
18988,Request Count,35.0
18989,Parsed Request Count,35.0
18990,Violated Request Count,0.0
18991,Request Success Ratio,1.0
34122,Played,1.0
