{"turn scores": {"0": {"effiencient_move": 1, "turn_graph_similarity": 0.013385701848569465}, "1": {"effiencient_move": 0, "turn_graph_similarity": 0.0359724199241831}, "2": {"effiencient_move": 1, "turn_graph_similarity": 0.0359724199241831}, "3": {"turn_graph_similarity": 0.0359724199241831}}, "episode scores": {"Aborted": 0, "Success": 0, "Lose": 1, "graph_similarity": 3.5972419924183097, "moves": 3, "valid_moves": 3, "invalid_moves": 0, "visited": 2, "seen": 3, "efficiency": 66.66666666666667, "exploration": 33.333333333333336, "Main Score": 44.44444444444445}}