{"turn scores": {"0": {"effiencient_move": 1, "turn_graph_similarity": 0.006692850924284732}, "1": {"effiencient_move": 1, "turn_graph_similarity": 0.01798620996209155}, "2": {"effiencient_move": 1, "turn_graph_similarity": 0.047425873177566635}, "3": {"effiencient_move": 1, "turn_graph_similarity": 0.02931223075135636}, "4": {"turn_graph_similarity": 0.02931223075135636}}, "episode scores": {"Aborted": 0, "Success": 0, "Lose": 1, "graph_similarity": 0.02931223075135636, "moves": 4, "valid_moves": 4, "invalid_moves": 0, "visited": 3, "seen": 4, "effieciency": 100.0, "exploration": 50.0, "Main Score": 66.66666666666667}}