,metric,value
19213,Middle-Accuracy,1.0
19214,Accuracy,0.9818181818181818
19215,Kappa,0.9636363636363636
19216,Truncated Kappa,0.9636363636363636
19217,Slot-Filling-Accuracy,1.0
19218,Main Score,98.14814814814815
19219,Aborted,0.0
19220,Lose,1.0
19221,Success,0.0
19222,Request Count,120.0
19223,Parsed Request Count,120.0
19224,Violated Request Count,0.0
19225,Request Success Ratio,1.0
34140,Played,1.0
