,metric,value
18810,Middle-Accuracy,1.0
18811,Accuracy,0.9666666666666667
18812,Kappa,0.9333333333333333
18813,Truncated Kappa,0.9333333333333333
18814,Slot-Filling-Accuracy,1.0
18815,Main Score,96.55172413793103
18816,Aborted,0.0
18817,Lose,1.0
18818,Success,0.0
18819,Request Count,35.0
18820,Parsed Request Count,35.0
18821,Violated Request Count,0.0
18822,Request Success Ratio,1.0
34109,Played,1.0
