,metric,value
19148,Middle-Accuracy,1.0
19149,Accuracy,0.9818181818181818
19150,Kappa,0.9636363636363636
19151,Truncated Kappa,0.9636363636363636
19152,Slot-Filling-Accuracy,1.0
19153,Main Score,98.14814814814815
19154,Aborted,0.0
19155,Lose,1.0
19156,Success,0.0
19157,Request Count,120.0
19158,Parsed Request Count,120.0
19159,Violated Request Count,0.0
19160,Request Success Ratio,1.0
34135,Played,1.0
