{"turn scores": {}, "episode scores": {"Aborted": 0, "Success": 0, "Lose": 1, "moves": 12, "valid_moves": 12, "invalid_moves": 0, "visited": 5, "seen": 6, "effieciency": 58.333333333333336, "exploration": 83.33333333333333, "Main Score": 68.62745098039217}}