{"turn scores": {"0": {"effiencient_move": 1, "turn_graph_similarity": 0.0009110511944006028}, "1": {"effiencient_move": 1, "turn_graph_similarity": 0.002472623156634657}, "2": {"effiencient_move": 1, "turn_graph_similarity": 0.006692850924284732}, "3": {"effiencient_move": 1, "turn_graph_similarity": 0.004070137715896038}, "4": {"effiencient_move": 1, "turn_graph_similarity": 0.010986942630593188}, "5": {"effiencient_move": 1, "turn_graph_similarity": 0.02931223075135636}, "6": {"effiencient_move": 1, "turn_graph_similarity": 0.07585818002124345}, "7": {"effiencient_move": 1, "turn_graph_similarity": 0.18242552380635635}, "8": {"effiencient_move": 1, "turn_graph_similarity": 0.18242552380635635}, "9": {"effiencient_move": 1, "turn_graph_similarity": 0.11920292202211769}, "10": {"effiencient_move": 1, "turn_graph_similarity": 0.11920292202211769}, "11": {"effiencient_move": 0, "turn_graph_similarity": 0.11920292202211769}, "12": {"turn_graph_similarity": 0.11920292202211769}}, "episode scores": {"Aborted": 0, "Success": 1, "Lose": 0, "graph_similarity": 0.11920292202211769, "moves": 12, "valid_moves": 12, "invalid_moves": 0, "visited": 8, "seen": 8, "effieciency": 91.66666666666667, "exploration": 100.0, "Main Score": 95.65217391304348}}