{"turn scores": {"0": {"effiencient_move": 1, "turn_graph_similarity": 0.0018221023888012056}, "1": {"effiencient_move": 0, "turn_graph_similarity": 0.0030023645134740207}, "2": {"effiencient_move": 1, "turn_graph_similarity": 0.0030023645134740207}, "3": {"effiencient_move": 1, "turn_graph_similarity": 0.0030023645134740207}, "4": {"effiencient_move": 1, "turn_graph_similarity": 0.008140275431792077}, "5": {"turn_graph_similarity": 0.008140275431792077}}, "episode scores": {"Aborted": 0, "Success": 0, "Lose": 1, "graph_similarity": 0.008140275431792077, "moves": 5, "valid_moves": 5, "invalid_moves": 0, "visited": 4, "seen": 5, "effieciency": 80.0, "exploration": 50.0, "Main Score": 61.53846153846154}}