{"turn scores": {"0": {"effiencient_move": true, "similarity": 9.485174635513328}, "1": {"effiencient_move": false, "similarity": 23.840584404423538}, "2": {"effiencient_move": true, "similarity": 23.840584404423538}, "3": {"effiencient_move": true, "similarity": 23.840584404423538}, "4": {"effiencient_move": false, "similarity": 53.78828427399902}, "5": {"effiencient_move": false, "similarity": 53.78828427399902}, "6": {"effiencient_move": false, "similarity": 53.78828427399902}}, "episode scores": {"Success": 0, "Aborted": 0, "Lose": 1, "moves": 7, "valid_moves": 7, "invalid_moves": 0, "stopped": 1, "turns_limit": 0, "loops": 1, "number_visited": 3, "seen": 4, "efficiency": 42.857142857142854, "exploration": 75.0, "graph_similarity": 53.78828427399902, "Main Score": 54.54545454545454}}