,metric,value
18641,Middle-Accuracy,1.0
18642,Accuracy,0.9833333333333333
18643,Kappa,0.9666666666666667
18644,Truncated Kappa,0.9666666666666667
18645,Slot-Filling-Accuracy,1.0
18646,Main Score,98.3050847457627
18647,Aborted,0.0
18648,Lose,1.0
18649,Success,0.0
18650,Request Count,255.0
18651,Parsed Request Count,255.0
18652,Violated Request Count,0.0
18653,Request Success Ratio,1.0
34096,Played,1.0
