{"turn scores": {"0": {"effiencient_move": 1, "turn_graph_similarity": 0.006692850924284732}, "1": {"effiencient_move": 1, "turn_graph_similarity": 0.01798620996209155}, "2": {"effiencient_move": 1, "turn_graph_similarity": 0.047425873177566635}, "3": {"effiencient_move": 1, "turn_graph_similarity": 0.004070137715896038}, "4": {"effiencient_move": 0, "turn_graph_similarity": 0.004070137715896038}, "5": {"effiencient_move": 1, "turn_graph_similarity": 0.004070137715896038}, "6": {"effiencient_move": 0, "turn_graph_similarity": 0.004070137715896038}, "7": {"turn_graph_similarity": 0.004070137715896038}}, "episode scores": {"Aborted": 0, "Success": 0, "Lose": 1, "graph_similarity": 0.004070137715896038, "moves": 7, "valid_moves": 7, "invalid_moves": 0, "visited": 4, "seen": 5, "effieciency": 71.42857142857143, "exploration": 66.66666666666667, "Main Score": 68.96551724137932}}