{"turn scores": {"0": {"effiencient_move": true, "similarity": 0.18221023888012056}, "1": {"effiencient_move": true, "similarity": 0.30023645134740207}, "2": {"effiencient_move": false, "similarity": 0.49452463132693136}, "3": {"effiencient_move": false, "similarity": 0.49452463132693136}, "4": {"effiencient_move": true, "similarity": 0.49452463132693136}, "5": {"effiencient_move": false, "similarity": 0.49452463132693136}, "6": {"effiencient_move": true, "similarity": 0.49452463132693136}, "7": {"effiencient_move": false, "similarity": 0.49452463132693136}, "8": {"effiencient_move": true, "similarity": 0.49452463132693136}, "9": {"effiencient_move": false, "similarity": 0.49452463132693136}, "10": {"effiencient_move": true, "similarity": 0.49452463132693136}, "11": {"effiencient_move": false, "similarity": 0.49452463132693136}, "12": {"effiencient_move": true, "similarity": 0.49452463132693136}, "13": {"effiencient_move": false, "similarity": 0.49452463132693136}, "14": {"effiencient_move": true, "similarity": 0.49452463132693136}, "15": {"effiencient_move": false, "similarity": 0.49452463132693136}, "16": {"effiencient_move": true, "similarity": 0.49452463132693136}, "17": {"effiencient_move": false, "similarity": 0.49452463132693136}, "18": {"effiencient_move": true, "similarity": 0.49452463132693136}, "19": {"effiencient_move": false, "similarity": 0.49452463132693136}}, "episode scores": {"Aborted": 1, "Success": 0, "Lose": 0, "moves": NaN, "valid_moves": NaN, "invalid_moves": NaN, "stopped": NaN, "turns_limit": NaN, "loops": NaN, "number_visited": NaN, "seen": NaN, "efficiency": NaN, "exploration": NaN, "graph_similarity": NaN, "Main Score": NaN}}