{"turn scores": {"0": {"effiencient_move": true, "similarity": 0.09110511944006028}, "1": {"effiencient_move": true, "similarity": 0.24726231566346568}, "2": {"effiencient_move": false, "similarity": 0.6692850924284732}, "3": {"effiencient_move": false, "similarity": 1.7986209962091548}, "4": {"effiencient_move": false, "similarity": 1.7986209962091548}, "5": {"effiencient_move": false, "similarity": 1.7986209962091548}, "6": {"effiencient_move": false, "similarity": 1.7986209962091548}}, "episode scores": {"Success": 0, "Aborted": 0, "Lose": 1, "moves": 7, "valid_moves": 7, "invalid_moves": 0, "stopped": 1, "turns_limit": 0, "loops": 0, "number_visited": 4, "seen": 6, "efficiency": 28.57142857142857, "exploration": 50.0, "graph_similarity": 1.7986209962091548, "Main Score": 36.36363636363636}}