,metric,value
21203,Middle-Accuracy,0.8
21204,Accuracy,0.8333333333333334
21205,Kappa,0.6666666666666667
21206,Truncated Kappa,0.6666666666666667
21207,Slot-Filling-Accuracy,1.0
21208,Main Score,80.0
21209,Aborted,0.0
21210,Lose,1.0
21211,Success,0.0
21212,Request Count,36.0
21213,Parsed Request Count,35.0
21214,Violated Request Count,1.0
21215,Request Success Ratio,0.9722222222222222
34300,Played,1.0
