,metric,value
19943,Middle-Accuracy,1.0
19944,Accuracy,0.9666666666666667
19945,Kappa,0.9333333333333333
19946,Truncated Kappa,0.9333333333333333
19947,Slot-Filling-Accuracy,1.0
19948,Main Score,96.55172413793103
19949,Aborted,0.0
19950,Lose,1.0
19951,Success,0.0
19952,Request Count,35.0
19953,Parsed Request Count,35.0
19954,Violated Request Count,0.0
19955,Request Success Ratio,1.0
34200,Played,1.0
