{"turn scores": {"0": {"effiencient_move": true, "similarity": 0.09110511944006028}, "1": {"effiencient_move": true, "similarity": 0.24726231566346568}, "2": {"effiencient_move": true, "similarity": 0.6692850924284732}, "3": {"effiencient_move": true, "similarity": 1.7986209962091548}, "4": {"effiencient_move": true, "similarity": 1.7986209962091548}, "5": {"effiencient_move": true, "similarity": 1.7986209962091548}, "6": {"effiencient_move": false, "similarity": 4.742587317756664}, "7": {"effiencient_move": false, "similarity": 4.742587317756664}, "8": {"effiencient_move": true, "similarity": 4.742587317756664}, "9": {"effiencient_move": false, "similarity": 4.742587317756664}, "10": {"effiencient_move": true, "similarity": 4.742587317756664}, "11": {"effiencient_move": false, "similarity": 4.742587317756664}, "12": {"effiencient_move": false, "similarity": 4.742587317756664}, "13": {"effiencient_move": false, "similarity": 4.742587317756664}}, "episode scores": {"Success": 0, "Aborted": 0, "Lose": 1, "moves": 14, "valid_moves": 14, "invalid_moves": 0, "stopped": 1, "turns_limit": 0, "loops": 1, "number_visited": 5, "seen": 6, "efficiency": 57.14285714285714, "exploration": 62.5, "graph_similarity": 4.742587317756664, "Main Score": 59.70149253731343}}