turn,Accuracy,Parsed Request Count,Request Count,Slot Filled?,Violated Request Count
0,0.0,15.0,41.0,,26.0
1,0.26666666666666666,16.0,16.0,1.0,0.0
2,0.26666666666666666,16.0,16.0,1.0,0.0
3,0.6,16.0,16.0,1.0,0.0
4,0.7333333333333333,16.0,16.0,1.0,0.0
5,0.6666666666666666,16.0,16.0,1.0,0.0
6,0.7333333333333333,16.0,16.0,1.0,0.0
7,0.7333333333333333,16.0,16.0,1.0,0.0
8,0.7333333333333333,16.0,28.0,1.0,12.0
