{"turn scores": {"0": {"effiencient_move": 1, "turn_graph_similarity": 0.013385701848569465}, "1": {"effiencient_move": 1, "turn_graph_similarity": 0.0359724199241831}, "2": {"effiencient_move": 1, "turn_graph_similarity": 0.09485174635513327}, "3": {"effiencient_move": 1, "turn_graph_similarity": 0.23840584404423537}, "4": {"effiencient_move": 1, "turn_graph_similarity": 0.5378828427399902}, "5": {"effiencient_move": 0, "turn_graph_similarity": 0.5378828427399902}, "6": {"effiencient_move": 0, "turn_graph_similarity": 0.5378828427399902}, "7": {"effiencient_move": 0, "turn_graph_similarity": 0.3648510476127127}, "8": {"effiencient_move": 0, "turn_graph_similarity": 0.3648510476127127}, "9": {"effiencient_move": 0, "turn_graph_similarity": 0.3648510476127127}, "10": {"effiencient_move": 0, "turn_graph_similarity": 0.7550813375962908}, "11": {"effiencient_move": 0, "turn_graph_similarity": 0.7550813375962908}, "12": {"effiencient_move": 0, "turn_graph_similarity": 0.7550813375962908}, "13": {"effiencient_move": 0, "turn_graph_similarity": 0.7550813375962908}, "14": {"effiencient_move": 0, "turn_graph_similarity": 0.7550813375962908}, "15": {"effiencient_move": 0, "turn_graph_similarity": 0.7550813375962908}, "16": {"turn_graph_similarity": 0.7550813375962908}}, "episode scores": {"Aborted": 0, "Success": 1, "Lose": 0, "graph_similarity": 0.7550813375962908, "moves": 16, "valid_moves": 15, "invalid_moves": 1, "visited": 6, "seen": 6, "effieciency": 31.25, "exploration": 100.0, "Main Score": 47.61904761904762}}