{"turn scores": {"0": {"effiencient_move": true, "similarity": 0.18221023888012056}, "1": {"effiencient_move": true, "similarity": 0.49452463132693136}, "2": {"effiencient_move": false, "similarity": 1.3385701848569465}, "3": {"effiencient_move": true, "similarity": 3.5972419924183097}, "4": {"effiencient_move": false, "similarity": 9.485174635513328}, "5": {"effiencient_move": false, "similarity": 9.485174635513328}, "6": {"effiencient_move": true, "similarity": 9.485174635513328}, "7": {"effiencient_move": true, "similarity": 23.840584404423538}, "8": {"effiencient_move": false, "similarity": 23.840584404423538}}, "episode scores": {"Success": 0, "Aborted": 0, "Lose": 1, "moves": 9, "valid_moves": 9, "invalid_moves": 0, "stopped": 1, "turns_limit": 0, "loops": 1, "number_visited": 6, "seen": 7, "efficiency": 55.55555555555556, "exploration": 75.0, "graph_similarity": 23.840584404423538, "Main Score": 63.82978723404256}}