{"turn scores": {"0": {"effiencient_move": true, "similarity": 0.6692850924284732}, "1": {"effiencient_move": true, "similarity": 1.7986209962091548}, "2": {"effiencient_move": true, "similarity": 4.742587317756664}, "3": {"effiencient_move": true, "similarity": 11.920292202211769}, "4": {"effiencient_move": true, "similarity": 26.89414213699951}, "5": {"effiencient_move": true, "similarity": 26.89414213699951}, "6": {"effiencient_move": false, "similarity": 26.89414213699951}}, "episode scores": {"Success": 1, "Aborted": 0, "Lose": 0, "moves": 7, "valid_moves": 7, "invalid_moves": 0, "stopped": 1, "turns_limit": 0, "loops": 0, "number_visited": 6, "seen": 6, "efficiency": 85.71428571428571, "exploration": 100.0, "graph_similarity": 26.89414213699951, "Main Score": 92.30769230769229}}