,metric,value
20255,Middle-Accuracy,0.8
20256,Accuracy,0.8666666666666667
20257,Kappa,0.736842105263158
20258,Truncated Kappa,0.736842105263158
20259,Slot-Filling-Accuracy,1.0
20260,Main Score,84.84848484848484
20261,Aborted,0.0
20262,Lose,1.0
20263,Success,0.0
20264,Request Count,35.0
20265,Parsed Request Count,35.0
20266,Violated Request Count,0.0
20267,Request Success Ratio,1.0
34224,Played,1.0
