,metric,value
20359,Middle-Accuracy,1.0
20360,Accuracy,0.990909090909091
20361,Kappa,0.9818181818181818
20362,Truncated Kappa,0.9818181818181818
20363,Slot-Filling-Accuracy,1.0
20364,Main Score,99.08256880733944
20365,Aborted,0.0
20366,Lose,1.0
20367,Success,0.0
20368,Request Count,120.0
20369,Parsed Request Count,120.0
20370,Violated Request Count,0.0
20371,Request Success Ratio,1.0
34232,Played,1.0
