,metric,value
21112,Middle-Accuracy,0.7333333333333333
21113,Accuracy,0.7625
21114,Kappa,0.525
21115,Truncated Kappa,0.525
21116,Slot-Filling-Accuracy,1.0
21117,Main Score,68.85245901639345
21118,Aborted,0.0
21119,Lose,1.0
21120,Success,0.0
21121,Request Count,283.0
21122,Parsed Request Count,255.0
21123,Violated Request Count,28.0
21124,Request Success Ratio,0.901060070671378
34293,Played,1.0
