,metric,value
19826,Middle-Accuracy,0.9333333333333333
19827,Accuracy,0.9416666666666667
19828,Kappa,0.8833333333333333
19829,Truncated Kappa,0.8833333333333333
19830,Slot-Filling-Accuracy,1.0
19831,Main Score,93.80530973451327
19832,Aborted,0.0
19833,Lose,1.0
19834,Success,0.0
19835,Request Count,255.0
19836,Parsed Request Count,255.0
19837,Violated Request Count,0.0
19838,Request Success Ratio,1.0
34191,Played,1.0
