,metric,value
19865,Middle-Accuracy,0.9333333333333333
19866,Accuracy,0.9333333333333333
19867,Kappa,0.8666666666666667
19868,Truncated Kappa,0.8666666666666667
19869,Slot-Filling-Accuracy,1.0
19870,Main Score,92.85714285714286
19871,Aborted,0.0
19872,Lose,1.0
19873,Success,0.0
19874,Request Count,255.0
19875,Parsed Request Count,255.0
19876,Violated Request Count,0.0
19877,Request Success Ratio,1.0
34194,Played,1.0
