{"turn scores": {"0": {"effiencient_move": 1, "turn_graph_similarity": 0.09485174635513327}, "1": {"effiencient_move": 1, "turn_graph_similarity": 0.23840584404423537}, "2": {"effiencient_move": 1, "turn_graph_similarity": 0.23840584404423537}, "3": {"effiencient_move": 1, "turn_graph_similarity": 0.5378828427399902}, "4": {"effiencient_move": 0, "turn_graph_similarity": 0.5378828427399902}, "5": {"effiencient_move": 0, "turn_graph_similarity": 0.3648510476127127}, "6": {"effiencient_move": 0, "turn_graph_similarity": 0.3648510476127127}, "7": {"effiencient_move": 0, "turn_graph_similarity": 0.3648510476127127}, "8": {"effiencient_move": 0, "turn_graph_similarity": 0.3648510476127127}, "9": {"effiencient_move": 0, "turn_graph_similarity": 0.3648510476127127}, "10": {"effiencient_move": 0, "turn_graph_similarity": 0.3648510476127127}, "11": {"effiencient_move": 0, "turn_graph_similarity": 0.3648510476127127}, "12": {"effiencient_move": 0, "turn_graph_similarity": 0.7550813375962908}, "13": {"effiencient_move": 0, "turn_graph_similarity": 0.7550813375962908}, "14": {"effiencient_move": 0, "turn_graph_similarity": 0.7550813375962908}, "15": {"turn_graph_similarity": 0.7550813375962908}}, "episode scores": {"Aborted": 0, "Success": 1, "Lose": 0, "graph_similarity": 0.7550813375962908, "moves": 15, "valid_moves": 15, "invalid_moves": 0, "visited": 4, "seen": 4, "effieciency": 26.666666666666668, "exploration": 100.0, "Main Score": 42.10526315789474}}