{"turn scores": {"0": {"effiencient_move": 1, "turn_graph_similarity": 0.0009110511944006028}, "1": {"effiencient_move": 1, "turn_graph_similarity": 0.002472623156634657}, "2": {"effiencient_move": 1, "turn_graph_similarity": 0.006692850924284732}, "3": {"effiencient_move": 1, "turn_graph_similarity": 0.006692850924284732}, "4": {"effiencient_move": 1, "turn_graph_similarity": 0.006692850924284732}, "5": {"effiencient_move": 1, "turn_graph_similarity": 0.006692850924284732}, "6": {"effiencient_move": 1, "turn_graph_similarity": 0.006692850924284732}, "7": {"effiencient_move": 1, "turn_graph_similarity": 0.01798620996209155}, "8": {"effiencient_move": 0, "turn_graph_similarity": 0.047425873177566635}, "9": {"effiencient_move": 1, "turn_graph_similarity": 0.047425873177566635}, "10": {"effiencient_move": 0, "turn_graph_similarity": 0.047425873177566635}, "11": {"turn_graph_similarity": 0.047425873177566635}}, "episode scores": {"Aborted": 0, "Success": 0, "Lose": 1, "graph_similarity": 0.047425873177566635, "moves": 11, "valid_moves": 11, "invalid_moves": 0, "visited": 6, "seen": 7, "effieciency": 81.81818181818181, "exploration": 75.0, "Main Score": 78.26086956521739}}