,metric,value
21695,Middle-Accuracy,0.9
21696,Accuracy,0.9090909090909091
21697,Kappa,0.8181818181818181
21698,Truncated Kappa,0.8181818181818181
21699,Slot-Filling-Accuracy,1.0
21700,Main Score,89.99999999999999
21701,Aborted,0.0
21702,Lose,1.0
21703,Success,0.0
21704,Request Count,150.0
21705,Parsed Request Count,120.0
21706,Violated Request Count,30.0
21707,Request Success Ratio,0.8
34339,Played,1.0
