,metric,value
21099,Middle-Accuracy,0.7333333333333333
21100,Accuracy,0.7375
21101,Kappa,0.475
21102,Truncated Kappa,0.475
21103,Slot-Filling-Accuracy,1.0
21104,Main Score,64.40677966101694
21105,Aborted,0.0
21106,Lose,1.0
21107,Success,0.0
21108,Request Count,284.0
21109,Parsed Request Count,255.0
21110,Violated Request Count,29.0
21111,Request Success Ratio,0.897887323943662
34292,Played,1.0
