{"turn scores": {"0": {"effiencient_move": 1, "turn_graph_similarity": 0.013385701848569465}, "1": {"effiencient_move": 1, "turn_graph_similarity": 0.0359724199241831}, "2": {"effiencient_move": 1, "turn_graph_similarity": 0.09485174635513327}, "3": {"turn_graph_similarity": 0.09485174635513327}}, "episode scores": {"Aborted": 0, "Success": 0, "Lose": 1, "graph_similarity": 0.09485174635513327, "moves": 3, "valid_moves": 3, "invalid_moves": 0, "visited": 4, "seen": 5, "effieciency": 100.0, "exploration": 66.66666666666667, "Main Score": 80.0}}