,metric,value
18966,Middle-Accuracy,0.6
18967,Accuracy,0.7666666666666667
18968,Kappa,0.5333333333333333
18969,Truncated Kappa,0.5333333333333333
18970,Slot-Filling-Accuracy,1.0
18971,Main Score,69.56521739130436
18972,Aborted,0.0
18973,Lose,1.0
18974,Success,0.0
18975,Request Count,35.0
18976,Parsed Request Count,35.0
18977,Violated Request Count,0.0
18978,Request Success Ratio,1.0
34121,Played,1.0
