{"turn scores": {"0": {"effiencient_move": 1, "turn_graph_similarity": 0.0018221023888012056}, "1": {"effiencient_move": 1, "turn_graph_similarity": 0.004945246313269314}, "2": {"effiencient_move": 1, "turn_graph_similarity": 0.004945246313269314}, "3": {"effiencient_move": 1, "turn_graph_similarity": 0.013385701848569465}, "4": {"effiencient_move": 1, "turn_graph_similarity": 0.0359724199241831}, "5": {"effiencient_move": 1, "turn_graph_similarity": 0.09485174635513327}, "6": {"effiencient_move": 0, "turn_graph_similarity": 0.1517163600424869}, "7": {"turn_graph_similarity": 0.23840584404423537}}, "episode scores": {"Aborted": 0, "Success": 0, "Lose": 1, "graph_similarity": 0.23840584404423537, "moves": 7, "valid_moves": 7, "invalid_moves": 0, "visited": 6, "seen": 7, "effieciency": 85.71428571428571, "exploration": 75.0, "Main Score": 80.0}}