{"turn scores": {"0": {"effiencient_move": true, "similarity": 0.18221023888012056}, "1": {"effiencient_move": true, "similarity": 0.49452463132693136}, "2": {"effiencient_move": false, "similarity": 1.3385701848569465}, "3": {"effiencient_move": true, "similarity": 3.5972419924183097}, "4": {"effiencient_move": true, "similarity": 9.485174635513328}, "5": {"effiencient_move": true, "similarity": 15.17163600424869}, "6": {"effiencient_move": false, "similarity": 15.17163600424869}}, "episode scores": {"Success": 0, "Aborted": 0, "Lose": 1, "moves": 7, "valid_moves": 7, "invalid_moves": 0, "stopped": 1, "turns_limit": 0, "loops": 1, "number_visited": 6, "seen": 8, "efficiency": 71.42857142857143, "exploration": 75.0, "graph_similarity": 15.17163600424869, "Main Score": 73.17073170731706}}