,metric,value
20717,Middle-Accuracy,0.4
20718,Accuracy,0.7
20719,Kappa,0.37209302325581395
20720,Truncated Kappa,0.37209302325581395
20721,Slot-Filling-Accuracy,1.0
20722,Main Score,54.23728813559322
20723,Aborted,0.0
20724,Lose,1.0
20725,Success,0.0
20726,Request Count,47.0
20727,Parsed Request Count,35.0
20728,Violated Request Count,12.0
20729,Request Success Ratio,0.7446808510638298
34261,Played,1.0
