{"turn scores": {}, "episode scores": {"Aborted": 0, "Success": 0, "Lose": 1, "moves": 3, "valid_moves": 3, "invalid_moves": 0, "visited": 2, "seen": 4, "effieciency": 66.66666666666667, "exploration": 33.333333333333336, "Main Score": 44.44444444444445}}