{"turn scores": {"0": {"effiencient_move": 1, "turn_graph_similarity": 0.006692850924284732}, "1": {"effiencient_move": 1, "turn_graph_similarity": 0.01798620996209155}, "2": {"effiencient_move": 1, "turn_graph_similarity": 0.047425873177566635}, "3": {"effiencient_move": 0, "turn_graph_similarity": 0.11920292202211769}, "4": {"effiencient_move": 1, "turn_graph_similarity": 0.11920292202211769}, "5": {"effiencient_move": 0, "turn_graph_similarity": 0.11920292202211769}, "6": {"effiencient_move": 0, "turn_graph_similarity": 0.11920292202211769}, "7": {"effiencient_move": 0, "turn_graph_similarity": 0.11920292202211769}, "8": {"effiencient_move": 1, "turn_graph_similarity": 0.2689414213699951}, "9": {"effiencient_move": 1, "turn_graph_similarity": 0.18242552380635635}, "10": {"turn_graph_similarity": 0.18242552380635635}}, "episode scores": {"Aborted": 0, "Success": 0, "Lose": 1, "graph_similarity": 0.18242552380635635, "moves": 10, "valid_moves": 10, "invalid_moves": 0, "visited": 4, "seen": 5, "effieciency": 60.0, "exploration": 66.66666666666667, "Main Score": 63.15789473684211}}