{"turn scores": {"0": {"effiencient_move": true, "similarity": 0.09110511944006028}, "1": {"effiencient_move": true, "similarity": 0.24726231566346568}, "2": {"effiencient_move": true, "similarity": 0.6692850924284732}, "3": {"effiencient_move": true, "similarity": 0.24726231566346568}, "4": {"effiencient_move": false, "similarity": 0.24726231566346568}, "5": {"effiencient_move": true, "similarity": 0.24726231566346568}, "6": {"effiencient_move": false, "similarity": 0.24726231566346568}, "7": {"effiencient_move": true, "similarity": 0.24726231566346568}, "8": {"effiencient_move": false, "similarity": 0.24726231566346568}, "9": {"effiencient_move": true, "similarity": 0.24726231566346568}, "10": {"effiencient_move": false, "similarity": 0.24726231566346568}, "11": {"effiencient_move": true, "similarity": 0.24726231566346568}, "12": {"effiencient_move": false, "similarity": 0.24726231566346568}, "13": {"effiencient_move": true, "similarity": 0.24726231566346568}, "14": {"effiencient_move": false, "similarity": 0.24726231566346568}, "15": {"effiencient_move": true, "similarity": 0.24726231566346568}, "16": {"effiencient_move": false, "similarity": 0.24726231566346568}, "17": {"effiencient_move": true, "similarity": 0.24726231566346568}, "18": {"effiencient_move": false, "similarity": 0.24726231566346568}, "19": {"effiencient_move": true, "similarity": 0.24726231566346568}}, "episode scores": {"Aborted": 1, "Success": 0, "Lose": 0, "moves": NaN, "valid_moves": NaN, "invalid_moves": NaN, "stopped": NaN, "turns_limit": NaN, "loops": NaN, "number_visited": NaN, "seen": NaN, "efficiency": NaN, "exploration": NaN, "Main Score": NaN}}