,metric,value
18914,Middle-Accuracy,0.8
18915,Accuracy,0.8666666666666667
18916,Kappa,0.7333333333333334
18917,Truncated Kappa,0.7333333333333334
18918,Slot-Filling-Accuracy,1.0
18919,Main Score,84.61538461538461
18920,Aborted,0.0
18921,Lose,1.0
18922,Success,0.0
18923,Request Count,35.0
18924,Parsed Request Count,35.0
18925,Violated Request Count,0.0
18926,Request Success Ratio,1.0
34117,Played,1.0
