,metric,value
20268,Middle-Accuracy,0.8
20269,Accuracy,0.8333333333333334
20270,Kappa,0.6753246753246753
20271,Truncated Kappa,0.6753246753246753
20272,Slot-Filling-Accuracy,1.0
20273,Main Score,80.62015503875969
20274,Aborted,0.0
20275,Lose,1.0
20276,Success,0.0
20277,Request Count,35.0
20278,Parsed Request Count,35.0
20279,Violated Request Count,0.0
20280,Request Success Ratio,1.0
34225,Played,1.0
