{"turn scores": {"0": {"effiencient_move": 1, "turn_graph_similarity": 0.0018221023888012056}, "1": {"effiencient_move": 1, "turn_graph_similarity": 0.004945246313269314}, "2": {"effiencient_move": 1, "turn_graph_similarity": 0.013385701848569465}, "3": {"effiencient_move": 1, "turn_graph_similarity": 0.021973885261186377}, "4": {"effiencient_move": 1, "turn_graph_similarity": 0.021973885261186377}, "5": {"effiencient_move": 1, "turn_graph_similarity": 0.05862446150271272}, "6": {"effiencient_move": 1, "turn_graph_similarity": 0.09485174635513327}, "7": {"effiencient_move": 1, "turn_graph_similarity": 0.09485174635513327}, "8": {"effiencient_move": 0, "turn_graph_similarity": 0.09485174635513327}, "9": {"turn_graph_similarity": 0.09485174635513327}}, "episode scores": {"Aborted": 0, "Success": 0, "Lose": 1, "graph_similarity": 0.09485174635513327, "moves": 9, "valid_moves": 9, "invalid_moves": 0, "visited": 6, "seen": 7, "effieciency": 88.88888888888889, "exploration": 75.0, "Main Score": 81.35593220338983}}