,metric,value
18693,Middle-Accuracy,1.0
18694,Accuracy,0.9833333333333333
18695,Kappa,0.9666666666666667
18696,Truncated Kappa,0.9666666666666667
18697,Slot-Filling-Accuracy,1.0
18698,Main Score,98.3050847457627
18699,Aborted,0.0
18700,Lose,1.0
18701,Success,0.0
18702,Request Count,255.0
18703,Parsed Request Count,255.0
18704,Violated Request Count,0.0
18705,Request Success Ratio,1.0
34100,Played,1.0
