,metric,value
18628,Middle-Accuracy,0.9333333333333333
18629,Accuracy,0.9708333333333333
18630,Kappa,0.9416666666666667
18631,Truncated Kappa,0.9416666666666667
18632,Slot-Filling-Accuracy,1.0
18633,Main Score,96.99570815450643
18634,Aborted,0.0
18635,Lose,1.0
18636,Success,0.0
18637,Request Count,255.0
18638,Parsed Request Count,255.0
18639,Violated Request Count,0.0
18640,Request Success Ratio,1.0
34095,Played,1.0
