,metric,value
20398,Middle-Accuracy,1.0
20399,Accuracy,0.990909090909091
20400,Kappa,0.9818181818181818
20401,Truncated Kappa,0.9818181818181818
20402,Slot-Filling-Accuracy,1.0
20403,Main Score,99.08256880733944
20404,Aborted,0.0
20405,Lose,1.0
20406,Success,0.0
20407,Request Count,120.0
20408,Parsed Request Count,120.0
20409,Violated Request Count,0.0
20410,Request Success Ratio,1.0
34235,Played,1.0
