{"turn scores": {"0": {"effiencient_move": 1, "turn_graph_similarity": 0.0018221023888012056}, "1": {"effiencient_move": 1, "turn_graph_similarity": 0.004945246313269314}, "2": {"effiencient_move": 1, "turn_graph_similarity": 0.013385701848569465}, "3": {"effiencient_move": 1, "turn_graph_similarity": 0.021973885261186377}, "4": {"effiencient_move": 1, "turn_graph_similarity": 0.05862446150271272}, "5": {"effiencient_move": 1, "turn_graph_similarity": 0.05862446150271272}, "6": {"turn_graph_similarity": 0.05862446150271272}}, "episode scores": {"Aborted": 0, "Success": 0, "Lose": 1, "graph_similarity": 5.862446150271272, "moves": 6, "valid_moves": 6, "invalid_moves": 0, "visited": 4, "seen": 5, "efficiency": 100.0, "exploration": 50.0, "Main Score": 66.66666666666667}}