{"turn scores": {"0": {"effiencient_move": 1, "turn_graph_similarity": 0.09485174635513327}, "1": {"effiencient_move": 0, "turn_graph_similarity": 0.23840584404423537}, "2": {"effiencient_move": 1, "turn_graph_similarity": 0.23840584404423537}, "3": {"effiencient_move": 0, "turn_graph_similarity": 0.23840584404423537}, "4": {"effiencient_move": 1, "turn_graph_similarity": 0.23840584404423537}, "5": {"turn_graph_similarity": 0.23840584404423537}}, "episode scores": {"Aborted": 0, "Success": 0, "Lose": 1, "graph_similarity": 0.23840584404423537, "moves": 5, "valid_moves": 5, "invalid_moves": 0, "visited": 2, "seen": 3, "effieciency": 60.0, "exploration": 50.0, "Main Score": 54.54545454545455}}