{"turn scores": {"0": {"effiencient_move": 1, "turn_graph_similarity": 0.0018221023888012056}, "1": {"effiencient_move": 1, "turn_graph_similarity": 0.0030023645134740207}, "2": {"effiencient_move": 1, "turn_graph_similarity": 0.004945246313269314}, "3": {"turn_graph_similarity": 0.008140275431792077}}, "episode scores": {"Aborted": 0, "Success": 0, "Lose": 1, "graph_similarity": 0.008140275431792077, "moves": 3, "valid_moves": 3, "invalid_moves": 0, "visited": 4, "seen": 5, "effieciency": 100.0, "exploration": 50.0, "Main Score": 66.66666666666667}}