{"turn scores": {"0": {"effiencient_move": true, "similarity": 0.09110511944006028}, "1": {"effiencient_move": true, "similarity": 0.24726231566346568}, "2": {"effiencient_move": true, "similarity": 0.6692850924284732}, "3": {"effiencient_move": true, "similarity": 1.7986209962091548}, "4": {"effiencient_move": true, "similarity": 1.7986209962091548}, "5": {"effiencient_move": true, "similarity": 1.7986209962091548}, "6": {"effiencient_move": true, "similarity": 4.742587317756664}, "7": {"effiencient_move": true, "similarity": 11.920292202211769}, "8": {"effiencient_move": true, "similarity": 26.89414213699951}, "9": {"effiencient_move": false, "similarity": 26.89414213699951}}, "episode scores": {"Success": 1, "Aborted": 0, "Lose": 0, "moves": 10, "valid_moves": 10, "invalid_moves": 0, "stopped": 1, "turns_limit": 0, "loops": 0, "number_visited": 8, "seen": 8, "efficiency": 90.0, "exploration": 100.0, "graph_similarity": 26.89414213699951, "Main Score": 94.73684210526316}}