{"turn scores": {"0": {"effiencient_move": 1, "turn_graph_similarity": 0.013385701848569465}, "1": {"effiencient_move": 1, "turn_graph_similarity": 0.0359724199241831}, "2": {"effiencient_move": 0, "turn_graph_similarity": 0.1517163600424869}, "3": {"effiencient_move": 0, "turn_graph_similarity": 0.3648510476127127}, "4": {"effiencient_move": 1, "turn_graph_similarity": 0.3648510476127127}, "5": {"effiencient_move": 1, "turn_graph_similarity": 0.3648510476127127}, "6": {"effiencient_move": 1, "turn_graph_similarity": 0.1517163600424869}, "7": {"effiencient_move": 0, "turn_graph_similarity": 0.1517163600424869}, "8": {"turn_graph_similarity": 0.1517163600424869}}, "episode scores": {"Aborted": 0, "Success": 0, "Lose": 1, "graph_similarity": 0.1517163600424869, "moves": 8, "valid_moves": 8, "invalid_moves": 0, "visited": 4, "seen": 5, "effieciency": 62.5, "exploration": 66.66666666666667, "Main Score": 64.51612903225806}}