{"turn scores": {"0": {"effiencient_move": 1, "turn_graph_similarity": 0.09485174635513327}, "1": {"effiencient_move": 1, "turn_graph_similarity": 0.23840584404423537}, "2": {"effiencient_move": 1, "turn_graph_similarity": 0.5378828427399902}, "3": {"effiencient_move": 0, "turn_graph_similarity": 1.0}, "4": {"effiencient_move": 0, "turn_graph_similarity": 0.05862446150271272}, "5": {"effiencient_move": 0, "turn_graph_similarity": 0.05862446150271272}, "6": {"effiencient_move": 0, "turn_graph_similarity": 0.05862446150271272}, "7": {"effiencient_move": 0, "turn_graph_similarity": 0.05862446150271272}, "8": {"turn_graph_similarity": 0.013385701848569465}}, "episode scores": {"Aborted": 0, "Success": 1, "Lose": 0, "graph_similarity": 0.013385701848569465, "moves": 8, "valid_moves": 8, "invalid_moves": 0, "visited": 4, "seen": 4, "effieciency": 37.5, "exploration": 100.0, "Main Score": 54.54545454545455}}