{"turn scores": {"0": {"effiencient_move": 1, "turn_graph_similarity": 0.013385701848569465}, "1": {"effiencient_move": 1, "turn_graph_similarity": 0.0359724199241831}, "2": {"effiencient_move": 1, "turn_graph_similarity": 0.09485174635513327}, "3": {"effiencient_move": 0, "turn_graph_similarity": 0.23840584404423537}, "4": {"effiencient_move": 0, "turn_graph_similarity": 0.3648510476127127}, "5": {"effiencient_move": 1, "turn_graph_similarity": 0.7550813375962908}, "6": {"effiencient_move": 0, "turn_graph_similarity": 0.3648510476127127}, "7": {"effiencient_move": 0, "turn_graph_similarity": 0.1517163600424869}, "8": {"effiencient_move": 0, "turn_graph_similarity": 0.0359724199241831}, "9": {"turn_graph_similarity": 0.008140275431792077}}, "episode scores": {"Aborted": 0, "Success": 0, "Lose": 1, "graph_similarity": 0.008140275431792077, "moves": 9, "valid_moves": 9, "invalid_moves": 0, "visited": 4, "seen": 6, "effieciency": 44.44444444444444, "exploration": 66.66666666666667, "Main Score": 53.333333333333336}}