,metric,value
18784,Middle-Accuracy,0.8
18785,Accuracy,0.8666666666666667
18786,Kappa,0.7333333333333334
18787,Truncated Kappa,0.7333333333333334
18788,Slot-Filling-Accuracy,1.0
18789,Main Score,84.61538461538461
18790,Aborted,0.0
18791,Lose,1.0
18792,Success,0.0
18793,Request Count,35.0
18794,Parsed Request Count,35.0
18795,Violated Request Count,0.0
18796,Request Success Ratio,1.0
34107,Played,1.0
