{"turn scores": {"0": {"effiencient_move": 1, "turn_graph_similarity": 0.0018221023888012056}, "1": {"effiencient_move": 1, "turn_graph_similarity": 0.004945246313269314}, "2": {"effiencient_move": 0, "turn_graph_similarity": 0.013385701848569465}, "3": {"effiencient_move": 1, "turn_graph_similarity": 0.013385701848569465}, "4": {"effiencient_move": 0, "turn_graph_similarity": 0.013385701848569465}, "5": {"effiencient_move": 1, "turn_graph_similarity": 0.013385701848569465}, "6": {"effiencient_move": 1, "turn_graph_similarity": 0.013385701848569465}, "7": {"effiencient_move": 1, "turn_graph_similarity": 0.013385701848569465}, "8": {"effiencient_move": 1, "turn_graph_similarity": 0.0359724199241831}, "9": {"effiencient_move": 0, "turn_graph_similarity": 0.001105557273847202}, "10": {"effiencient_move": 1, "turn_graph_similarity": 0.001105557273847202}, "11": {"effiencient_move": 0, "turn_graph_similarity": 0.001105557273847202}, "12": {"effiencient_move": 1, "turn_graph_similarity": 0.001105557273847202}, "13": {"effiencient_move": 0, "turn_graph_similarity": 0.001105557273847202}, "14": {"turn_graph_similarity": 0.001105557273847202}}, "episode scores": {"Aborted": 0, "Success": 0, "Lose": 1, "graph_similarity": 0.11055572738472019, "moves": 14, "valid_moves": 14, "invalid_moves": 0, "visited": 6, "seen": 8, "efficiency": 64.28571428571429, "exploration": 75.0, "Main Score": 69.23076923076924}}