{"turn scores": {"0": {"effiencient_move": 1, "turn_graph_similarity": 0.013385701848569465}, "1": {"effiencient_move": 1, "turn_graph_similarity": 0.021973885261186377}, "2": {"effiencient_move": 1, "turn_graph_similarity": 0.021973885261186377}, "3": {"effiencient_move": 1, "turn_graph_similarity": 0.021973885261186377}, "4": {"turn_graph_similarity": 0.0359724199241831}}, "episode scores": {"Aborted": 0, "Success": 0, "Lose": 1, "graph_similarity": 0.0359724199241831, "moves": 4, "valid_moves": 4, "invalid_moves": 0, "visited": 5, "seen": 6, "effieciency": 100.0, "exploration": 83.33333333333333, "Main Score": 90.9090909090909}}