{"turn scores": {"0": {"effiencient_move": 1, "turn_graph_similarity": 0.013385701848569465}, "1": {"effiencient_move": 1, "turn_graph_similarity": 0.0359724199241831}, "2": {"effiencient_move": 1, "turn_graph_similarity": 0.09485174635513327}, "3": {"effiencient_move": 1, "turn_graph_similarity": 0.1517163600424869}, "4": {"effiencient_move": 1, "turn_graph_similarity": 0.3648510476127127}, "5": {"effiencient_move": 0, "turn_graph_similarity": 0.3648510476127127}, "6": {"effiencient_move": 1, "turn_graph_similarity": 0.5378828427399902}, "7": {"effiencient_move": 1, "turn_graph_similarity": 0.7550813375962908}, "8": {"effiencient_move": 1, "turn_graph_similarity": 0.1517163600424869}, "9": {"effiencient_move": 0, "turn_graph_similarity": 0.1517163600424869}, "10": {"effiencient_move": 0, "turn_graph_similarity": 0.1517163600424869}, "11": {"effiencient_move": 0, "turn_graph_similarity": 0.05862446150271272}, "12": {"effiencient_move": 0, "turn_graph_similarity": 0.05862446150271272}, "13": {"turn_graph_similarity": 0.05862446150271272}}, "episode scores": {"Aborted": 0, "Success": 1, "Lose": 0, "graph_similarity": 0.05862446150271272, "moves": 13, "valid_moves": 13, "invalid_moves": 0, "visited": 6, "seen": 6, "effieciency": 61.53846153846154, "exploration": 100.0, "Main Score": 76.19047619047619}}