,metric,value
20385,Middle-Accuracy,1.0
20386,Accuracy,0.990909090909091
20387,Kappa,0.9818181818181818
20388,Truncated Kappa,0.9818181818181818
20389,Slot-Filling-Accuracy,1.0
20390,Main Score,99.08256880733944
20391,Aborted,0.0
20392,Lose,1.0
20393,Success,0.0
20394,Request Count,120.0
20395,Parsed Request Count,120.0
20396,Violated Request Count,0.0
20397,Request Success Ratio,1.0
34234,Played,1.0
