{"turn scores": {"0": {"effiencient_move": 1, "turn_graph_similarity": 0.013385701848569465}, "1": {"effiencient_move": 1, "turn_graph_similarity": 0.0359724199241831}, "2": {"effiencient_move": 1, "turn_graph_similarity": 0.09485174635513327}, "3": {"effiencient_move": 1, "turn_graph_similarity": 0.23840584404423537}, "4": {"effiencient_move": 1, "turn_graph_similarity": 0.23840584404423537}, "5": {"effiencient_move": 1, "turn_graph_similarity": 0.5378828427399902}, "6": {"effiencient_move": 0, "turn_graph_similarity": 1.0}, "7": {"effiencient_move": 0, "turn_graph_similarity": 0.5378828427399902}, "8": {"effiencient_move": 0, "turn_graph_similarity": 0.3648510476127127}, "9": {"turn_graph_similarity": 0.3648510476127127}}, "episode scores": {"Aborted": 0, "Success": 1, "Lose": 0, "graph_similarity": 0.3648510476127127, "moves": 9, "valid_moves": 9, "invalid_moves": 0, "visited": 6, "seen": 6, "effieciency": 66.66666666666667, "exploration": 100.0, "Main Score": 80.0}}