{"turn scores": {"0": {"effiencient_move": 1, "turn_graph_similarity": 0.0009110511944006028}, "1": {"effiencient_move": 1, "turn_graph_similarity": 0.002472623156634657}, "2": {"effiencient_move": 1, "turn_graph_similarity": 0.006692850924284732}, "3": {"effiencient_move": 1, "turn_graph_similarity": 0.006692850924284732}, "4": {"effiencient_move": 1, "turn_graph_similarity": 0.006692850924284732}, "5": {"turn_graph_similarity": 0.01798620996209155}}, "episode scores": {"Aborted": 0, "Success": 0, "Lose": 1, "graph_similarity": 0.01798620996209155, "moves": 5, "valid_moves": 5, "invalid_moves": 0, "visited": 4, "seen": 5, "effieciency": 100.0, "exploration": 50.0, "Main Score": 66.66666666666667}}