,metric,value
21281,Middle-Accuracy,0.4
21282,Accuracy,0.7666666666666667
21283,Kappa,0.5333333333333333
21284,Truncated Kappa,0.5333333333333333
21285,Slot-Filling-Accuracy,1.0
21286,Main Score,69.56521739130436
21287,Aborted,0.0
21288,Lose,1.0
21289,Success,0.0
21290,Request Count,35.0
21291,Parsed Request Count,35.0
21292,Violated Request Count,0.0
21293,Request Success Ratio,1.0
34306,Played,1.0
