{"turn scores": {"0": {"effiencient_move": 1, "turn_graph_similarity": 0.0009110511944006028}, "1": {"effiencient_move": 1, "turn_graph_similarity": 0.002472623156634657}, "2": {"effiencient_move": 1, "turn_graph_similarity": 0.006692850924284732}, "3": {"effiencient_move": 1, "turn_graph_similarity": 0.01798620996209155}, "4": {"effiencient_move": 1, "turn_graph_similarity": 0.047425873177566635}, "5": {"effiencient_move": 1, "turn_graph_similarity": 0.11920292202211769}, "6": {"effiencient_move": 1, "turn_graph_similarity": 0.2689414213699951}, "7": {"effiencient_move": 0, "turn_graph_similarity": 0.2689414213699951}, "8": {"effiencient_move": 0, "turn_graph_similarity": 0.11920292202211769}, "9": {"turn_graph_similarity": 0.047425873177566635}}, "episode scores": {"Aborted": 0, "Success": 0, "Lose": 1, "graph_similarity": 0.047425873177566635, "moves": 9, "valid_moves": 9, "invalid_moves": 0, "visited": 6, "seen": 7, "effieciency": 77.77777777777777, "exploration": 75.0, "Main Score": 76.36363636363636}}