{"turn scores": {"0": {"effiencient_move": 1, "turn_graph_similarity": 0.0018221023888012056}, "1": {"effiencient_move": 0, "turn_graph_similarity": 0.0018221023888012056}, "2": {"effiencient_move": 1, "turn_graph_similarity": 0.0018221023888012056}, "3": {"effiencient_move": 1, "turn_graph_similarity": 0.004945246313269314}, "4": {"effiencient_move": 1, "turn_graph_similarity": 0.013385701848569465}, "5": {"effiencient_move": 1, "turn_graph_similarity": 0.0359724199241831}, "6": {"effiencient_move": 1, "turn_graph_similarity": 0.0359724199241831}, "7": {"effiencient_move": 1, "turn_graph_similarity": 0.0359724199241831}, "8": {"effiencient_move": 1, "turn_graph_similarity": 0.0359724199241831}, "9": {"effiencient_move": 1, "turn_graph_similarity": 0.09485174635513327}, "10": {"turn_graph_similarity": 0.09485174635513327}}, "episode scores": {"Aborted": 0, "Success": 0, "Lose": 1, "graph_similarity": 0.09485174635513327, "moves": 10, "valid_moves": 10, "invalid_moves": 0, "visited": 6, "seen": 7, "effieciency": 90.0, "exploration": 75.0, "Main Score": 81.81818181818181}}