,metric,value
19174,Middle-Accuracy,1.0
19175,Accuracy,0.9818181818181818
19176,Kappa,0.9636363636363636
19177,Truncated Kappa,0.9636363636363636
19178,Slot-Filling-Accuracy,1.0
19179,Main Score,98.14814814814815
19180,Aborted,0.0
19181,Lose,1.0
19182,Success,0.0
19183,Request Count,120.0
19184,Parsed Request Count,120.0
19185,Violated Request Count,0.0
19186,Request Success Ratio,1.0
34137,Played,1.0
