,metric,value
19044,Middle-Accuracy,0.6
19045,Accuracy,0.6333333333333333
19046,Kappa,0.2918454935622319
19047,Truncated Kappa,0.2918454935622319
19048,Slot-Filling-Accuracy,0.8
19049,Main Score,42.76729559748429
19050,Aborted,0.0
19051,Lose,1.0
19052,Success,0.0
19053,Request Count,35.0
19054,Parsed Request Count,35.0
19055,Violated Request Count,0.0
19056,Request Success Ratio,1.0
34127,Played,1.0
