{"turn scores": {"0": {"effiencient_move": 1, "turn_graph_similarity": 0.0018221023888012056}, "1": {"effiencient_move": 0, "turn_graph_similarity": 0.004945246313269314}, "2": {"effiencient_move": 1, "turn_graph_similarity": 0.004945246313269314}, "3": {"effiencient_move": 1, "turn_graph_similarity": 0.013385701848569465}, "4": {"effiencient_move": 0, "turn_graph_similarity": 0.0359724199241831}, "5": {"effiencient_move": 1, "turn_graph_similarity": 0.09485174635513327}, "6": {"effiencient_move": 0, "turn_graph_similarity": 0.23840584404423537}, "7": {"turn_graph_similarity": 0.23840584404423537}}, "episode scores": {"Aborted": 0, "Success": 0, "Lose": 1, "graph_similarity": 23.840584404423538, "moves": 7, "valid_moves": 7, "invalid_moves": 0, "visited": 4, "seen": 6, "efficiency": 57.142857142857146, "exploration": 50.0, "Main Score": 53.333333333333336}}