,metric,value
18758,Middle-Accuracy,1.0
18759,Accuracy,0.9666666666666667
18760,Kappa,0.9333333333333333
18761,Truncated Kappa,0.9333333333333333
18762,Slot-Filling-Accuracy,1.0
18763,Main Score,96.55172413793103
18764,Aborted,0.0
18765,Lose,1.0
18766,Success,0.0
18767,Request Count,35.0
18768,Parsed Request Count,35.0
18769,Violated Request Count,0.0
18770,Request Success Ratio,1.0
34105,Played,1.0
