{"turn scores": {"0": {"effiencient_move": true, "similarity": 1.3385701848569465}, "1": {"effiencient_move": false, "similarity": 3.5972419924183097}, "2": {"effiencient_move": false, "similarity": 3.5972419924183097}}, "episode scores": {"Success": 0, "Aborted": 0, "Lose": 1, "moves": 3, "valid_moves": 3, "invalid_moves": 0, "stopped": 1, "turns_limit": 0, "loops": 1, "number_visited": 2, "seen": 3, "efficiency": 33.33333333333333, "exploration": 33.33333333333333, "graph_similarity": 3.5972419924183097, "Main Score": 33.33333333333333}}