,metric,value
19135,Middle-Accuracy,1.0
19136,Accuracy,0.990909090909091
19137,Kappa,0.9818181818181818
19138,Truncated Kappa,0.9818181818181818
19139,Slot-Filling-Accuracy,1.0
19140,Main Score,99.08256880733944
19141,Aborted,0.0
19142,Lose,1.0
19143,Success,0.0
19144,Request Count,120.0
19145,Parsed Request Count,120.0
19146,Violated Request Count,0.0
19147,Request Success Ratio,1.0
34134,Played,1.0
