{"turn scores": {"0": {"effiencient_move": 1, "turn_graph_similarity": 0.047425873177566635}, "1": {"effiencient_move": 1, "turn_graph_similarity": 0.11920292202211769}, "2": {"effiencient_move": 1, "turn_graph_similarity": 0.2689414213699951}, "3": {"effiencient_move": 0, "turn_graph_similarity": 0.5}, "4": {"effiencient_move": 0, "turn_graph_similarity": 0.2689414213699951}, "5": {"effiencient_move": 1, "turn_graph_similarity": 0.11920292202211769}, "6": {"effiencient_move": 1, "turn_graph_similarity": 0.02931223075135636}, "7": {"effiencient_move": 0, "turn_graph_similarity": 0.02931223075135636}, "8": {"effiencient_move": 0, "turn_graph_similarity": 0.02931223075135636}, "9": {"turn_graph_similarity": 0.02931223075135636}}, "episode scores": {"Aborted": 0, "Success": 0, "Lose": 1, "graph_similarity": 0.02931223075135636, "moves": 9, "valid_moves": 9, "invalid_moves": 0, "visited": 3, "seen": 4, "effieciency": 55.55555555555556, "exploration": 75.0, "Main Score": 63.82978723404256}}