{"turn scores": {"0": {"effiencient_move": 1, "turn_graph_similarity": 0.09485174635513327}, "1": {"effiencient_move": 1, "turn_graph_similarity": 0.23840584404423537}, "2": {"effiencient_move": 1, "turn_graph_similarity": 0.5378828427399902}, "3": {"effiencient_move": 0, "turn_graph_similarity": 1.0}, "4": {"effiencient_move": 0, "turn_graph_similarity": 0.5378828427399902}, "5": {"effiencient_move": 1, "turn_graph_similarity": 0.23840584404423537}, "6": {"effiencient_move": 1, "turn_graph_similarity": 0.05862446150271272}, "7": {"effiencient_move": 0, "turn_graph_similarity": 0.05862446150271272}, "8": {"effiencient_move": 0, "turn_graph_similarity": 0.05862446150271272}, "9": {"turn_graph_similarity": 0.05862446150271272}}, "episode scores": {"Aborted": 0, "Success": 0, "Lose": 1, "graph_similarity": 0.05862446150271272, "moves": 9, "valid_moves": 9, "invalid_moves": 0, "visited": 3, "seen": 4, "effieciency": 55.55555555555556, "exploration": 75.0, "Main Score": 63.82978723404256}}