,metric,value
20307,Middle-Accuracy,1.0
20308,Accuracy,0.8666666666666667
20309,Kappa,0.7333333333333334
20310,Truncated Kappa,0.7333333333333334
20311,Slot-Filling-Accuracy,1.0
20312,Main Score,84.61538461538461
20313,Aborted,0.0
20314,Lose,1.0
20315,Success,0.0
20316,Request Count,35.0
20317,Parsed Request Count,35.0
20318,Violated Request Count,0.0
20319,Request Success Ratio,1.0
34228,Played,1.0
