{"turn scores": {"0": {"effiencient_move": true, "similarity": 0.18221023888012056}, "1": {"effiencient_move": true, "similarity": 0.49452463132693136}, "2": {"effiencient_move": true, "similarity": 1.3385701848569465}, "3": {"effiencient_move": true, "similarity": 1.3385701848569465}, "4": {"effiencient_move": false, "similarity": 3.5972419924183097}, "5": {"effiencient_move": true, "similarity": 9.485174635513328}, "6": {"effiencient_move": true, "similarity": 23.840584404423538}, "7": {"effiencient_move": true, "similarity": 53.78828427399902}, "8": {"effiencient_move": true, "similarity": 53.78828427399902}, "9": {"effiencient_move": true, "similarity": 53.78828427399902}, "10": {"effiencient_move": true, "similarity": 53.78828427399902}, "11": {"effiencient_move": false, "similarity": 53.78828427399902}}, "episode scores": {"Success": 1, "Aborted": 0, "Lose": 0, "moves": 12, "valid_moves": 12, "invalid_moves": 0, "stopped": 1, "turns_limit": 0, "loops": 0, "number_visited": 8, "seen": 8, "efficiency": 83.33333333333334, "exploration": 100.0, "graph_similarity": 53.78828427399902, "Main Score": 90.9090909090909}}