,metric,value
21294,Middle-Accuracy,0.8
21295,Accuracy,0.8333333333333334
21296,Kappa,0.6666666666666667
21297,Truncated Kappa,0.6666666666666667
21298,Slot-Filling-Accuracy,0.8
21299,Main Score,72.72727272727273
21300,Aborted,0.0
21301,Lose,1.0
21302,Success,0.0
21303,Request Count,35.0
21304,Parsed Request Count,35.0
21305,Violated Request Count,0.0
21306,Request Success Ratio,1.0
34307,Played,1.0
