,metric,value
18823,Middle-Accuracy,0.6
18824,Accuracy,0.8666666666666667
18825,Kappa,0.7333333333333334
18826,Truncated Kappa,0.7333333333333334
18827,Slot-Filling-Accuracy,1.0
18828,Main Score,84.61538461538461
18829,Aborted,0.0
18830,Lose,1.0
18831,Success,0.0
18832,Request Count,35.0
18833,Parsed Request Count,35.0
18834,Violated Request Count,0.0
18835,Request Success Ratio,1.0
34110,Played,1.0
