,metric,value
20112,Middle-Accuracy,1.0
20113,Accuracy,0.9333333333333333
20114,Kappa,0.8666666666666667
20115,Truncated Kappa,0.8666666666666667
20116,Slot-Filling-Accuracy,1.0
20117,Main Score,92.85714285714286
20118,Aborted,0.0
20119,Lose,1.0
20120,Success,0.0
20121,Request Count,35.0
20122,Parsed Request Count,35.0
20123,Violated Request Count,0.0
20124,Request Success Ratio,1.0
34213,Played,1.0
