,metric,value
18862,Middle-Accuracy,1.0
18863,Accuracy,0.9333333333333333
18864,Kappa,0.8666666666666667
18865,Truncated Kappa,0.8666666666666667
18866,Slot-Filling-Accuracy,1.0
18867,Main Score,92.85714285714286
18868,Aborted,0.0
18869,Lose,1.0
18870,Success,0.0
18871,Request Count,35.0
18872,Parsed Request Count,35.0
18873,Violated Request Count,0.0
18874,Request Success Ratio,1.0
34113,Played,1.0
