{"turn scores": {"0": {"effiencient_move": 1, "turn_graph_similarity": 0.0009110511944006028}, "1": {"effiencient_move": 1, "turn_graph_similarity": 0.002472623156634657}, "2": {"effiencient_move": 1, "turn_graph_similarity": 0.006692850924284732}, "3": {"effiencient_move": 1, "turn_graph_similarity": 0.006692850924284732}, "4": {"effiencient_move": 1, "turn_graph_similarity": 0.006692850924284732}, "5": {"effiencient_move": 1, "turn_graph_similarity": 0.01798620996209155}, "6": {"effiencient_move": 1, "turn_graph_similarity": 0.047425873177566635}, "7": {"effiencient_move": 1, "turn_graph_similarity": 0.11920292202211769}, "8": {"effiencient_move": 1, "turn_graph_similarity": 0.2689414213699951}, "9": {"effiencient_move": 0, "turn_graph_similarity": 0.18242552380635635}, "10": {"effiencient_move": 0, "turn_graph_similarity": 0.2689414213699951}, "11": {"effiencient_move": 0, "turn_graph_similarity": 0.2689414213699951}, "12": {"turn_graph_similarity": 0.2689414213699951}}, "episode scores": {"Aborted": 0, "Success": 1, "Lose": 0, "graph_similarity": 0.2689414213699951, "moves": 12, "valid_moves": 12, "invalid_moves": 0, "visited": 8, "seen": 8, "effieciency": 75.0, "exploration": 100.0, "Main Score": 85.71428571428571}}