,metric,value
18901,Middle-Accuracy,0.8
18902,Accuracy,0.8666666666666667
18903,Kappa,0.7333333333333334
18904,Truncated Kappa,0.7333333333333334
18905,Slot-Filling-Accuracy,1.0
18906,Main Score,84.61538461538461
18907,Aborted,0.0
18908,Lose,1.0
18909,Success,0.0
18910,Request Count,35.0
18911,Parsed Request Count,35.0
18912,Violated Request Count,0.0
18913,Request Success Ratio,1.0
34116,Played,1.0
