,model,clemscore
8,lm--lm,0.0
7,ko--ko,1.476
6,flc--flc,0.7125
9,ost--ost,1.7368050000000002
10,vcn--vcn,4.24375
5,cl--cl,37.066008000000004
0,3--3,15.7797
1,3.5--3.5,37.022832
2,3.5--4,42.394725
3,4--3.5,55.619882
4,4--4,59.489958
