{"turn scores": {"0": {"effiencient_move": 1, "turn_graph_similarity": 0.047425873177566635}, "1": {"effiencient_move": 1, "turn_graph_similarity": 0.11920292202211769}, "2": {"effiencient_move": 1, "turn_graph_similarity": 0.11920292202211769}, "3": {"effiencient_move": 1, "turn_graph_similarity": 0.2689414213699951}, "4": {"effiencient_move": 0, "turn_graph_similarity": 0.2689414213699951}, "5": {"effiencient_move": 0, "turn_graph_similarity": 0.18242552380635635}, "6": {"effiencient_move": 0, "turn_graph_similarity": 0.18242552380635635}, "7": {"effiencient_move": 0, "turn_graph_similarity": 0.18242552380635635}, "8": {"effiencient_move": 0, "turn_graph_similarity": 0.18242552380635635}, "9": {"effiencient_move": 0, "turn_graph_similarity": 0.18242552380635635}, "10": {"effiencient_move": 0, "turn_graph_similarity": 0.18242552380635635}, "11": {"effiencient_move": 0, "turn_graph_similarity": 0.18242552380635635}, "12": {"effiencient_move": 0, "turn_graph_similarity": 0.3775406687981454}, "13": {"effiencient_move": 0, "turn_graph_similarity": 0.3775406687981454}, "14": {"effiencient_move": 0, "turn_graph_similarity": 0.3775406687981454}, "15": {"turn_graph_similarity": 0.3775406687981454}}, "episode scores": {"Aborted": 0, "Success": 1, "Lose": 0, "graph_similarity": 0.3775406687981454, "moves": 15, "valid_moves": 15, "invalid_moves": 0, "visited": 4, "seen": 4, "effieciency": 26.666666666666668, "exploration": 100.0, "Main Score": 42.10526315789474}}