,metric,value
19161,Middle-Accuracy,1.0
19162,Accuracy,0.990909090909091
19163,Kappa,0.9818181818181818
19164,Truncated Kappa,0.9818181818181818
19165,Slot-Filling-Accuracy,1.0
19166,Main Score,99.08256880733944
19167,Aborted,0.0
19168,Lose,1.0
19169,Success,0.0
19170,Request Count,120.0
19171,Parsed Request Count,120.0
19172,Violated Request Count,0.0
19173,Request Success Ratio,1.0
34136,Played,1.0
