{"turn scores": {"0": {"effiencient_move": 1, "turn_graph_similarity": 0.09485174635513327}, "1": {"effiencient_move": 1, "turn_graph_similarity": 0.23840584404423537}, "2": {"effiencient_move": 1, "turn_graph_similarity": 0.5378828427399902}, "3": {"effiencient_move": 1, "turn_graph_similarity": 0.3648510476127127}, "4": {"turn_graph_similarity": 0.3648510476127127}}, "episode scores": {"Aborted": 0, "Success": 0, "Lose": 1, "graph_similarity": 0.3648510476127127, "moves": 4, "valid_moves": 4, "invalid_moves": 0, "visited": 3, "seen": 4, "effieciency": 100.0, "exploration": 75.0, "Main Score": 85.71428571428571}}