{"turn scores": {"0": {"effiencient_move": 1, "turn_graph_similarity": 0.013385701848569465}, "1": {"effiencient_move": 0, "turn_graph_similarity": 0.0359724199241831}, "2": {"turn_graph_similarity": 0.013385701848569465}}, "episode scores": {"Aborted": 0, "Success": 0, "Lose": 1, "graph_similarity": 0.013385701848569465, "moves": 2, "valid_moves": 2, "invalid_moves": 0, "visited": 2, "seen": 3, "effieciency": 50.0, "exploration": 33.333333333333336, "Main Score": 40.0}}