{
  "meta": {},
  "players": {},
  "turn scores": {
    "0": {
      "effiencient_move": true,
      "similarity": 1.3385701848569465
    },
    "1": {
      "effiencient_move": false,
      "similarity": 3.5972419924183097
    },
    "2": {
      "effiencient_move": true,
      "similarity": 9.485174635513328
    },
    "3": {
      "effiencient_move": false,
      "similarity": 23.840584404423538
    },
    "4": {
      "effiencient_move": false,
      "similarity": 23.840584404423538
    },
    "5": {
      "effiencient_move": true,
      "similarity": 23.840584404423538
    },
    "6": {
      "effiencient_move": true,
      "similarity": 53.78828427399902
    },
    "7": {
      "effiencient_move": false,
      "similarity": 53.78828427399902
    },
    "8": {
      "effiencient_move": true,
      "similarity": 53.78828427399902
    },
    "9": {
      "effiencient_move": false,
      "similarity": 53.78828427399902
    },
    "10": {
      "effiencient_move": true,
      "similarity": 53.78828427399902
    },
    "11": {
      "effiencient_move": true,
      "similarity": 53.78828427399902
    },
    "12": {
      "effiencient_move": false,
      "similarity": 53.78828427399902
    },
    "13": {
      "effiencient_move": false,
      "similarity": 53.78828427399902
    },
    "14": {
      "effiencient_move": true,
      "similarity": 53.78828427399902
    },
    "15": {
      "effiencient_move": false,
      "similarity": 53.78828427399902
    },
    "16": {
      "effiencient_move": true,
      "similarity": 53.78828427399902
    }
  },
  "episode scores": {
    "Success": 0,
    "Aborted": 0,
    "Lose": 1,
    "moves": 17,
    "valid_moves": 17,
    "invalid_moves": 0,
    "stopped": 1,
    "turns_limit": 0,
    "loops": 0,
    "number_visited": 5,
    "seen": 6,
    "efficiency": 52.94117647058824,
    "exploration": 83.33333333333334,
    "graph_similarity": 53.78828427399902,
    "Main Score": 64.74820143884894
  }
}