,metric,value
20203,Middle-Accuracy,0.8
20204,Accuracy,0.8666666666666667
20205,Kappa,0.7333333333333334
20206,Truncated Kappa,0.7333333333333334
20207,Slot-Filling-Accuracy,1.0
20208,Main Score,84.61538461538461
20209,Aborted,0.0
20210,Lose,1.0
20211,Success,0.0
20212,Request Count,35.0
20213,Parsed Request Count,35.0
20214,Violated Request Count,0.0
20215,Request Success Ratio,1.0
34220,Played,1.0
