{"turn scores": {"0": {"effiencient_move": true, "similarity": 0.09110511944006028}, "1": {"effiencient_move": true, "similarity": 0.24726231566346568}, "2": {"effiencient_move": true, "similarity": 0.6692850924284732}, "3": {"effiencient_move": true, "similarity": 0.6692850924284732}, "4": {"effiencient_move": false, "similarity": 1.7986209962091548}, "5": {"effiencient_move": false, "similarity": 4.742587317756664}, "6": {"effiencient_move": true, "similarity": 2.931223075135636}, "7": {"effiencient_move": true, "similarity": 11.920292202211769}, "8": {"effiencient_move": false, "similarity": 11.920292202211769}, "9": {"effiencient_move": false, "similarity": 4.742587317756664}, "10": {"effiencient_move": false, "similarity": 4.742587317756664}}, "episode scores": {"Success": 0, "Aborted": 0, "Lose": 1, "moves": 11, "valid_moves": 11, "invalid_moves": 0, "stopped": 1, "turns_limit": 0, "loops": 0, "number_visited": 6, "seen": 7, "efficiency": 54.54545454545454, "exploration": 75.0, "graph_similarity": 4.742587317756664, "Main Score": 63.1578947368421}}