{"turn scores": {"0": {"effiencient_move": true, "similarity": 0.18221023888012056}, "1": {"effiencient_move": true, "similarity": 0.49452463132693136}, "2": {"effiencient_move": true, "similarity": 1.3385701848569465}, "3": {"effiencient_move": true, "similarity": 1.3385701848569465}, "4": {"effiencient_move": false, "similarity": 3.5972419924183097}, "5": {"effiencient_move": false, "similarity": 9.485174635513328}, "6": {"effiencient_move": true, "similarity": 5.862446150271272}, "7": {"effiencient_move": true, "similarity": 23.840584404423538}, "8": {"effiencient_move": false, "similarity": 23.840584404423538}, "9": {"effiencient_move": false, "similarity": 9.485174635513328}, "10": {"effiencient_move": false, "similarity": 9.485174635513328}}, "episode scores": {"Success": 0, "Aborted": 0, "Lose": 1, "moves": 11, "valid_moves": 11, "invalid_moves": 0, "stopped": 1, "turns_limit": 0, "loops": 0, "number_visited": 6, "seen": 7, "efficiency": 54.54545454545454, "exploration": 75.0, "graph_similarity": 9.485174635513328, "Main Score": 63.1578947368421}}