{"turn scores": {"0": {"effiencient_move": 1, "turn_graph_similarity": 0.0009110511944006028}, "1": {"effiencient_move": 1, "turn_graph_similarity": 0.002472623156634657}, "2": {"effiencient_move": 1, "turn_graph_similarity": 0.002472623156634657}, "3": {"effiencient_move": 1, "turn_graph_similarity": 0.006692850924284732}, "4": {"effiencient_move": 1, "turn_graph_similarity": 0.01798620996209155}, "5": {"effiencient_move": 1, "turn_graph_similarity": 0.01798620996209155}, "6": {"effiencient_move": 1, "turn_graph_similarity": 0.01798620996209155}, "7": {"effiencient_move": 1, "turn_graph_similarity": 0.047425873177566635}, "8": {"turn_graph_similarity": 0.047425873177566635}}, "episode scores": {"Aborted": 0, "Success": 1, "Lose": 0, "graph_similarity": 0.047425873177566635, "moves": 8, "valid_moves": 8, "invalid_moves": 0, "visited": 8, "seen": 8, "effieciency": 100.0, "exploration": 100.0, "Main Score": 100.0}}