,metric,value
20281,Middle-Accuracy,0.6
20282,Accuracy,0.8666666666666667
20283,Kappa,0.7333333333333334
20284,Truncated Kappa,0.7333333333333334
20285,Slot-Filling-Accuracy,1.0
20286,Main Score,84.61538461538461
20287,Aborted,0.0
20288,Lose,1.0
20289,Success,0.0
20290,Request Count,35.0
20291,Parsed Request Count,35.0
20292,Violated Request Count,0.0
20293,Request Success Ratio,1.0
34226,Played,1.0
