{"turn scores": {"0": {"effiencient_move": 1, "turn_graph_similarity": 0.0009110511944006028}, "1": {"effiencient_move": 1, "turn_graph_similarity": 0.002472623156634657}, "2": {"effiencient_move": 1, "turn_graph_similarity": 0.002472623156634657}, "3": {"effiencient_move": 1, "turn_graph_similarity": 0.002472623156634657}, "4": {"effiencient_move": 1, "turn_graph_similarity": 0.002472623156634657}, "5": {"effiencient_move": 0, "turn_graph_similarity": 0.002472623156634657}, "6": {"effiencient_move": 1, "turn_graph_similarity": 0.002472623156634657}, "7": {"effiencient_move": 1, "turn_graph_similarity": 0.002472623156634657}, "8": {"effiencient_move": 1, "turn_graph_similarity": 0.002472623156634657}, "9": {"turn_graph_similarity": 0.002472623156634657}}, "episode scores": {"Aborted": 0, "Success": 0, "Lose": 1, "graph_similarity": 0.002472623156634657, "moves": 9, "valid_moves": 9, "invalid_moves": 0, "visited": 6, "seen": 7, "effieciency": 88.88888888888889, "exploration": 75.0, "Main Score": 81.35593220338983}}