,metric,value
20125,Middle-Accuracy,0.8
20126,Accuracy,0.9333333333333333
20127,Kappa,0.8666666666666667
20128,Truncated Kappa,0.8666666666666667
20129,Slot-Filling-Accuracy,1.0
20130,Main Score,92.85714285714286
20131,Aborted,0.0
20132,Lose,1.0
20133,Success,0.0
20134,Request Count,35.0
20135,Parsed Request Count,35.0
20136,Violated Request Count,0.0
20137,Request Success Ratio,1.0
34214,Played,1.0
