{"turn scores": {"0": {"effiencient_move": 1, "turn_graph_similarity": 0.013385701848569465}, "1": {"effiencient_move": 1, "turn_graph_similarity": 0.0359724199241831}, "2": {"effiencient_move": 1, "turn_graph_similarity": 0.09485174635513327}, "3": {"effiencient_move": 1, "turn_graph_similarity": 0.23840584404423537}, "4": {"effiencient_move": 1, "turn_graph_similarity": 0.5378828427399902}, "5": {"effiencient_move": 1, "turn_graph_similarity": 0.7550813375962908}, "6": {"effiencient_move": 0, "turn_graph_similarity": 0.7550813375962908}, "7": {"turn_graph_similarity": 0.7550813375962908}}, "episode scores": {"Aborted": 0, "Success": 1, "Lose": 0, "graph_similarity": 0.7550813375962908, "moves": 7, "valid_moves": 7, "invalid_moves": 0, "visited": 6, "seen": 6, "effieciency": 85.71428571428571, "exploration": 100.0, "Main Score": 92.30769230769229}}