{"turn scores": {"0": {"effiencient_move": 1, "turn_graph_similarity": 0.006692850924284732}, "1": {"effiencient_move": 1, "turn_graph_similarity": 0.01798620996209155}, "2": {"effiencient_move": 1, "turn_graph_similarity": 0.047425873177566635}, "3": {"effiencient_move": 0, "turn_graph_similarity": 0.11920292202211769}, "4": {"effiencient_move": 0, "turn_graph_similarity": 0.18242552380635635}, "5": {"effiencient_move": 1, "turn_graph_similarity": 0.3775406687981454}, "6": {"effiencient_move": 0, "turn_graph_similarity": 0.18242552380635635}, "7": {"effiencient_move": 0, "turn_graph_similarity": 0.07585818002124345}, "8": {"effiencient_move": 0, "turn_graph_similarity": 0.01798620996209155}, "9": {"turn_graph_similarity": 0.004070137715896038}}, "episode scores": {"Aborted": 0, "Success": 0, "Lose": 1, "graph_similarity": 0.004070137715896038, "moves": 9, "valid_moves": 9, "invalid_moves": 0, "visited": 4, "seen": 6, "effieciency": 44.44444444444444, "exploration": 66.66666666666667, "Main Score": 53.333333333333336}}