,metric,value
21371,Middle-Accuracy,1.0
21372,Accuracy,0.9333333333333333
21373,Kappa,0.8666666666666667
21374,Truncated Kappa,0.8666666666666667
21375,Slot-Filling-Accuracy,1.0
21376,Main Score,92.85714285714286
21377,Aborted,0.0
21378,Lose,1.0
21379,Success,0.0
21380,Request Count,35.0
21381,Parsed Request Count,35.0
21382,Violated Request Count,0.0
21383,Request Success Ratio,1.0
34313,Played,1.0
