,metric,value
20242,Middle-Accuracy,0.6
20243,Accuracy,0.8666666666666667
20244,Kappa,0.7333333333333334
20245,Truncated Kappa,0.7333333333333334
20246,Slot-Filling-Accuracy,1.0
20247,Main Score,84.61538461538461
20248,Aborted,0.0
20249,Lose,1.0
20250,Success,0.0
20251,Request Count,35.0
20252,Parsed Request Count,35.0
20253,Violated Request Count,0.0
20254,Request Success Ratio,1.0
34223,Played,1.0
