{
  "meta": {},
  "players": {},
  "turn scores": {
    "0": {
      "effiencient_move": false,
      "similarity": 1.3385701848569465
    },
    "1": {
      "effiencient_move": false,
      "similarity": 3.5972419924183097
    },
    "2": {
      "effiencient_move": true,
      "similarity": 9.485174635513328
    },
    "3": {
      "effiencient_move": false,
      "similarity": 23.840584404423538
    },
    "4": {
      "effiencient_move": true,
      "similarity": 23.840584404423538
    },
    "5": {
      "effiencient_move": true,
      "similarity": 53.78828427399902
    },
    "6": {
      "effiencient_move": true,
      "similarity": 53.78828427399902
    },
    "7": {
      "effiencient_move": true,
      "similarity": 53.78828427399902
    },
    "8": {
      "effiencient_move": false,
      "similarity": 53.78828427399902
    },
    "9": {
      "effiencient_move": false,
      "similarity": 53.78828427399902
    },
    "10": {
      "effiencient_move": true,
      "similarity": 53.78828427399902
    }
  },
  "episode scores": {
    "Success": 0,
    "Aborted": 0,
    "Lose": 1,
    "moves": 11,
    "valid_moves": 11,
    "invalid_moves": 0,
    "stopped": 1,
    "turns_limit": 0,
    "loops": 1,
    "number_visited": 5,
    "seen": 6,
    "efficiency": 54.54545454545454,
    "exploration": 83.33333333333334,
    "graph_similarity": 53.78828427399902,
    "Main Score": 65.93406593406593
  }
}