,metric,value
21475,Middle-Accuracy,0.6
21476,Accuracy,0.6666666666666666
21477,Kappa,0.34782608695652173
21478,Truncated Kappa,0.34782608695652173
21479,Slot-Filling-Accuracy,0.8
21480,Main Score,48.484848484848484
21481,Aborted,0.0
21482,Lose,1.0
21483,Success,0.0
21484,Request Count,38.0
21485,Parsed Request Count,35.0
21486,Violated Request Count,3.0
21487,Request Success Ratio,0.9210526315789473
34321,Played,1.0
