,metric,value
18888,Middle-Accuracy,0.8
18889,Accuracy,0.8666666666666667
18890,Kappa,0.7333333333333334
18891,Truncated Kappa,0.7333333333333334
18892,Slot-Filling-Accuracy,1.0
18893,Main Score,84.61538461538461
18894,Aborted,0.0
18895,Lose,1.0
18896,Success,0.0
18897,Request Count,35.0
18898,Parsed Request Count,35.0
18899,Violated Request Count,0.0
18900,Request Success Ratio,1.0
34115,Played,1.0
