,metric,value
21268,Middle-Accuracy,0.8
21269,Accuracy,0.8333333333333334
21270,Kappa,0.6666666666666667
21271,Truncated Kappa,0.6666666666666667
21272,Slot-Filling-Accuracy,0.8
21273,Main Score,72.72727272727273
21274,Aborted,0.0
21275,Lose,1.0
21276,Success,0.0
21277,Request Count,35.0
21278,Parsed Request Count,35.0
21279,Violated Request Count,0.0
21280,Request Success Ratio,1.0
34305,Played,1.0
