,metric,value
19930,Middle-Accuracy,0.9333333333333333
19931,Accuracy,0.9708333333333333
19932,Kappa,0.9416666666666667
19933,Truncated Kappa,0.9416666666666667
19934,Slot-Filling-Accuracy,1.0
19935,Main Score,96.99570815450643
19936,Aborted,0.0
19937,Lose,1.0
19938,Success,0.0
19939,Request Count,255.0
19940,Parsed Request Count,255.0
19941,Violated Request Count,0.0
19942,Request Success Ratio,1.0
34199,Played,1.0
