,metric,value
18719,Middle-Accuracy,0.8
18720,Accuracy,0.9333333333333333
18721,Kappa,0.8666666666666667
18722,Truncated Kappa,0.8666666666666667
18723,Slot-Filling-Accuracy,1.0
18724,Main Score,92.85714285714286
18725,Aborted,0.0
18726,Lose,1.0
18727,Success,0.0
18728,Request Count,35.0
18729,Parsed Request Count,35.0
18730,Violated Request Count,0.0
18731,Request Success Ratio,1.0
34102,Played,1.0
