{"turn scores": {"0": {"effiencient_move": 1, "turn_graph_similarity": 0.013385701848569465}, "1": {"effiencient_move": 1, "turn_graph_similarity": 0.09485174635513327}, "2": {"effiencient_move": 1, "turn_graph_similarity": 0.23840584404423537}, "3": {"effiencient_move": 1, "turn_graph_similarity": 0.1517163600424869}, "4": {"effiencient_move": 1, "turn_graph_similarity": 0.1517163600424869}, "5": {"effiencient_move": 1, "turn_graph_similarity": 0.3648510476127127}, "6": {"turn_graph_similarity": 0.3648510476127127}}, "episode scores": {"Aborted": 0, "Success": 0, "Lose": 1, "graph_similarity": 36.48510476127127, "moves": 6, "valid_moves": 6, "invalid_moves": 0, "visited": 4, "seen": 5, "efficiency": 100.0, "exploration": 66.66666666666667, "Main Score": 80.0}}