,metric,value
19956,Middle-Accuracy,1.0
19957,Accuracy,0.9666666666666667
19958,Kappa,0.9333333333333333
19959,Truncated Kappa,0.9333333333333333
19960,Slot-Filling-Accuracy,1.0
19961,Main Score,96.55172413793103
19962,Aborted,0.0
19963,Lose,1.0
19964,Success,0.0
19965,Request Count,35.0
19966,Parsed Request Count,35.0
19967,Violated Request Count,0.0
19968,Request Success Ratio,1.0
34201,Played,1.0
