,metric,value
18589,Middle-Accuracy,1.0
18590,Accuracy,0.9708333333333333
18591,Kappa,0.9416666666666667
18592,Truncated Kappa,0.9416666666666667
18593,Slot-Filling-Accuracy,1.0
18594,Main Score,96.99570815450643
18595,Aborted,0.0
18596,Lose,1.0
18597,Success,0.0
18598,Request Count,255.0
18599,Parsed Request Count,255.0
18600,Violated Request Count,0.0
18601,Request Success Ratio,1.0
34092,Played,1.0
