,metric,value
21086,Middle-Accuracy,0.8666666666666667
21087,Accuracy,0.8541666666666666
21088,Kappa,0.7083333333333333
21089,Truncated Kappa,0.7083333333333333
21090,Slot-Filling-Accuracy,1.0
21091,Main Score,82.92682926829268
21092,Aborted,0.0
21093,Lose,1.0
21094,Success,0.0
21095,Request Count,266.0
21096,Parsed Request Count,255.0
21097,Violated Request Count,11.0
21098,Request Success Ratio,0.9586466165413534
34291,Played,1.0
