,metric,value
20138,Middle-Accuracy,0.8
20139,Accuracy,0.8666666666666667
20140,Kappa,0.7333333333333334
20141,Truncated Kappa,0.7333333333333334
20142,Slot-Filling-Accuracy,1.0
20143,Main Score,84.61538461538461
20144,Aborted,0.0
20145,Lose,1.0
20146,Success,0.0
20147,Request Count,35.0
20148,Parsed Request Count,35.0
20149,Violated Request Count,0.0
20150,Request Success Ratio,1.0
34215,Played,1.0
