{"turn scores": {"0": {"effiencient_move": false, "similarity": 0.6692850924284732}, "1": {"effiencient_move": true, "similarity": 1.7986209962091548}, "2": {"effiencient_move": true, "similarity": 4.742587317756664}, "3": {"effiencient_move": false, "similarity": 4.742587317756664}, "4": {"effiencient_move": true, "similarity": 11.920292202211769}, "5": {"effiencient_move": true, "similarity": 26.89414213699951}, "6": {"effiencient_move": true, "similarity": 26.89414213699951}, "7": {"effiencient_move": false, "similarity": 26.89414213699951}}, "episode scores": {"Success": 0, "Aborted": 0, "Lose": 1, "moves": 8, "valid_moves": 8, "invalid_moves": 0, "stopped": 1, "turns_limit": 0, "loops": 0, "number_visited": 5, "seen": 6, "efficiency": 62.5, "exploration": 83.33333333333334, "graph_similarity": 26.89414213699951, "Main Score": 71.42857142857143}}