{"turn scores": {"0": {"effiencient_move": 1, "turn_graph_similarity": 0.09485174635513327}, "1": {"effiencient_move": 1, "turn_graph_similarity": 0.1517163600424869}, "2": {"effiencient_move": 0, "turn_graph_similarity": 0.1517163600424869}, "3": {"turn_graph_similarity": 0.1517163600424869}}, "episode scores": {"Aborted": 0, "Success": 0, "Lose": 1, "graph_similarity": 0.1517163600424869, "moves": 3, "valid_moves": 3, "invalid_moves": 0, "visited": 2, "seen": 3, "effieciency": 66.66666666666667, "exploration": 50.0, "Main Score": 57.142857142857146}}