,metric,value
21358,Middle-Accuracy,0.6
21359,Accuracy,0.6333333333333333
21360,Kappa,0.2666666666666667
21361,Truncated Kappa,0.2666666666666667
21362,Slot-Filling-Accuracy,1.0
21363,Main Score,42.10526315789475
21364,Aborted,0.0
21365,Lose,1.0
21366,Success,0.0
21367,Request Count,35.0
21368,Parsed Request Count,35.0
21369,Violated Request Count,0.0
21370,Request Success Ratio,1.0
34312,Played,1.0
