,metric,value
21177,Middle-Accuracy,0.9333333333333333
21178,Accuracy,0.8041666666666667
21179,Kappa,0.6083333333333334
21180,Truncated Kappa,0.6083333333333334
21181,Slot-Filling-Accuracy,1.0
21182,Main Score,75.64766839378238
21183,Aborted,0.0
21184,Lose,1.0
21185,Success,0.0
21186,Request Count,275.0
21187,Parsed Request Count,255.0
21188,Violated Request Count,20.0
21189,Request Success Ratio,0.9272727272727272
34298,Played,1.0
