{"turn scores": {"0": {"effiencient_move": false, "similarity": 0.18221023888012056}, "1": {"effiencient_move": false, "similarity": 0.18221023888012056}, "2": {"effiencient_move": true, "similarity": 0.18221023888012056}, "3": {"effiencient_move": false, "similarity": 0.18221023888012056}, "4": {"effiencient_move": true, "similarity": 0.18221023888012056}, "5": {"effiencient_move": true, "similarity": 0.18221023888012056}, "6": {"effiencient_move": true, "similarity": 0.18221023888012056}, "7": {"effiencient_move": false, "similarity": 0.18221023888012056}, "8": {"effiencient_move": true, "similarity": 0.18221023888012056}, "9": {"effiencient_move": false, "similarity": 0.18221023888012056}, "10": {"effiencient_move": true, "similarity": 0.18221023888012056}, "11": {"effiencient_move": false, "similarity": 0.18221023888012056}, "12": {"effiencient_move": true, "similarity": 0.18221023888012056}, "13": {"effiencient_move": false, "similarity": 0.18221023888012056}, "14": {"effiencient_move": true, "similarity": 0.18221023888012056}, "15": {"effiencient_move": false, "similarity": 0.18221023888012056}, "16": {"effiencient_move": true, "similarity": 0.18221023888012056}, "17": {"effiencient_move": false, "similarity": 0.18221023888012056}, "18": {"effiencient_move": true, "similarity": 0.18221023888012056}, "19": {"effiencient_move": false, "similarity": 0.18221023888012056}}, "episode scores": {"Aborted": 1, "Success": 0, "Lose": 0, "moves": NaN, "valid_moves": NaN, "invalid_moves": NaN, "stopped": NaN, "turns_limit": NaN, "loops": NaN, "number_visited": NaN, "seen": NaN, "efficiency": NaN, "exploration": NaN, "graph_similarity": NaN, "Main Score": NaN}}