{"turn scores": {"0": {"effiencient_move": 1, "turn_graph_similarity": 0.09485174635513327}, "1": {"effiencient_move": 1, "turn_graph_similarity": 0.09485174635513327}, "2": {"effiencient_move": 1, "turn_graph_similarity": 0.09485174635513327}, "3": {"effiencient_move": 1, "turn_graph_similarity": 0.09485174635513327}, "4": {"effiencient_move": 0, "turn_graph_similarity": 0.09485174635513327}, "5": {"effiencient_move": 0, "turn_graph_similarity": 0.09485174635513327}, "6": {"turn_graph_similarity": 0.09485174635513327}}, "episode scores": {"Aborted": 0, "Success": 1, "Lose": 0, "graph_similarity": 0.09485174635513327, "moves": 6, "valid_moves": 6, "invalid_moves": 0, "visited": 4, "seen": 4, "effieciency": 66.66666666666667, "exploration": 100.0, "Main Score": 80.0}}