{"turn scores": {"0": {"effiencient_move": true, "similarity": 0.09110511944006028}, "1": {"effiencient_move": false, "similarity": 0.24726231566346568}, "2": {"effiencient_move": true, "similarity": 0.6692850924284732}, "3": {"effiencient_move": true, "similarity": 1.7986209962091548}, "4": {"effiencient_move": false, "similarity": 1.7986209962091548}, "5": {"effiencient_move": true, "similarity": 4.742587317756664}, "6": {"effiencient_move": true, "similarity": 11.920292202211769}, "7": {"effiencient_move": true, "similarity": 26.89414213699951}, "8": {"effiencient_move": false, "similarity": 26.89414213699951}}, "episode scores": {"Success": 0, "Aborted": 0, "Lose": 1, "moves": 9, "valid_moves": 9, "invalid_moves": 0, "stopped": 1, "turns_limit": 0, "loops": 0, "number_visited": 7, "seen": 8, "efficiency": 66.66666666666666, "exploration": 87.5, "graph_similarity": 26.89414213699951, "Main Score": 75.67567567567566}}