{"turn scores": {"0": {"effiencient_move": 1, "turn_graph_similarity": 0.0018221023888012056}, "1": {"effiencient_move": 1, "turn_graph_similarity": 0.004945246313269314}, "2": {"effiencient_move": 1, "turn_graph_similarity": 0.013385701848569465}, "3": {"effiencient_move": 1, "turn_graph_similarity": 0.0359724199241831}, "4": {"effiencient_move": 1, "turn_graph_similarity": 0.09485174635513327}, "5": {"effiencient_move": 1, "turn_graph_similarity": 0.23840584404423537}, "6": {"effiencient_move": 1, "turn_graph_similarity": 0.5378828427399902}, "7": {"effiencient_move": 1, "turn_graph_similarity": 1.0}, "8": {"effiencient_move": 1, "turn_graph_similarity": 0.7550813375962908}, "9": {"effiencient_move": 0, "turn_graph_similarity": 0.7550813375962908}, "10": {"effiencient_move": 0, "turn_graph_similarity": 0.7550813375962908}, "11": {"turn_graph_similarity": 0.7550813375962908}}, "episode scores": {"Aborted": 0, "Success": 0, "Lose": 1, "graph_similarity": 0.7550813375962908, "moves": 11, "valid_moves": 11, "invalid_moves": 0, "visited": 7, "seen": 8, "effieciency": 81.81818181818181, "exploration": 87.5, "Main Score": 84.56375838926175}}