,metric,value
20986,Middle-Accuracy,0.5
20987,Accuracy,0.4636363636363636
20988,Kappa,0.015174506828528056
20989,Truncated Kappa,0.015174506828528056
20990,Slot-Filling-Accuracy,1.0
20991,Main Score,2.989536621823614
20992,Aborted,0.0
20993,Lose,1.0
20994,Success,0.0
20995,Request Count,150.0
20996,Parsed Request Count,120.0
20997,Violated Request Count,30.0
20998,Request Success Ratio,0.8
34283,Played,1.0
