,metric,value
20177,Middle-Accuracy,1.0
20178,Accuracy,0.9333333333333333
20179,Kappa,0.8666666666666667
20180,Truncated Kappa,0.8666666666666667
20181,Slot-Filling-Accuracy,1.0
20182,Main Score,92.85714285714286
20183,Aborted,0.0
20184,Lose,1.0
20185,Success,0.0
20186,Request Count,35.0
20187,Parsed Request Count,35.0
20188,Violated Request Count,0.0
20189,Request Success Ratio,1.0
34218,Played,1.0
