{"turn scores": {"0": {"effiencient_move": 1, "turn_graph_similarity": 0.09485174635513327}, "1": {"effiencient_move": 1, "turn_graph_similarity": 0.1517163600424869}, "2": {"effiencient_move": 0, "turn_graph_similarity": 0.23840584404423537}, "3": {"effiencient_move": 1, "turn_graph_similarity": 0.23840584404423537}, "4": {"effiencient_move": 0, "turn_graph_similarity": 0.23840584404423537}, "5": {"effiencient_move": 1, "turn_graph_similarity": 0.23840584404423537}, "6": {"effiencient_move": 0, "turn_graph_similarity": 0.23840584404423537}, "7": {"effiencient_move": 1, "turn_graph_similarity": 0.23840584404423537}, "8": {"effiencient_move": 0, "turn_graph_similarity": 0.23840584404423537}, "9": {"effiencient_move": 1, "turn_graph_similarity": 0.23840584404423537}, "10": {"effiencient_move": 0, "turn_graph_similarity": 0.23840584404423537}, "11": {"effiencient_move": 1, "turn_graph_similarity": 0.23840584404423537}, "12": {"effiencient_move": 0, "turn_graph_similarity": 0.23840584404423537}, "13": {"effiencient_move": 1, "turn_graph_similarity": 0.23840584404423537}, "14": {"effiencient_move": 0, "turn_graph_similarity": 0.23840584404423537}, "15": {"effiencient_move": 1, "turn_graph_similarity": 0.23840584404423537}, "16": {"turn_graph_similarity": 0.09485174635513327}}, "episode scores": {"Aborted": 0, "Success": 0, "Lose": 1, "graph_similarity": 0.09485174635513327, "moves": 16, "valid_moves": 16, "invalid_moves": 0, "visited": 2, "seen": 3, "effieciency": 56.25, "exploration": 50.0, "Main Score": 52.94117647058823}}